page_id,page_title,view_count,protection_status,page_length,edit_count,page_watchers,page_watchers_recent_edits,page_views_past_30days,page_id_scrapped,redirects,recent_number_of_edits,number_distinct_authors,number_categories
649497,Ten High,66388,unprotected,2942,129,25,50.79,477,649497,0,0,0,2
8035336,Wig wag (truck braking systems),45452,unprotected,64,28,25,50.79,233,8035336,0,0,0,2
8998584,Cack,12911,sysop,359,11,25,50.79,118,8998584,0,0,0,2
19518467,Huntoon Mountains,3521,unprotected,1255,12,25,50.79,9,19518467,0,0,0,2
22358273,Mesohibolites,2748,unprotected,1214,7,25,50.79,3,22358273,0,0,0,2
32289827,The Gravy Train,56091,unprotected,3424,40,25,50.79,631,32289827,0,0,0,2
38309501,List of theatres in Serbia,8509,unprotected,5604,24,25,50.79,28,38309501,0,0,0,2
39323133,2013_stanley_cup_finals,2048,sysop,69,2,25,50.79,1,39323133,0,0,0,2
39323148,2013_Stanley_Cup_finals,1433,sysop,69,2,25,50.79,8,39323148,0,0,0,2
41511721,Mudar Zahran,62728,extendedconfirmed,9475,403,47,14,288,41511721,0,0,0,2
42486165,2014_Stanley_Cup_finals,851,sysop,69,3,25,50.79,1,42486165,0,0,0,2
42486166,2014_stanley_cup_final,984,sysop,69,3,25,50.79,0,42486166,0,0,0,2
46633271,2015_stanley_cup_finals,2310,sysop,69,2,25,50.79,5,46633271,0,0,0,2
46633273,2015_Stanley_Cup_finals,1238,sysop,69,2,25,50.79,0,46633273,0,0,0,2
50537912,2016_Stanley_Cup_finals,1015,sysop,69,2,25,50.79,0,50537912,0,0,0,2
50537913,2016_stanley_cup_final,1212,sysop,69,2,25,50.79,1,50537913,0,0,0,2
50537916,2016_stanley_cup_finals,2007,sysop,69,2,25,50.79,2,50537916,0,0,0,2
60583939,2019_stanley_cup_final,935,sysop,69,2,25,50.79,19,60583939,0,0,0,2
14874715,NFIA,34819,unprotected,6869,37,25,50.79,145,14874715,1,0,0,2
15451465,Jonathan Bliss,7986,unprotected,2341,23,25,50.79,29,15451465,1,0,0,2
16514490,Stephen Hoar,4943,unprotected,7209,76,25,50.79,2,16514490,1,0,0,2
28971991,Forest Fire Lookout Association,7553,unprotected,2094,20,25,50.79,50,28971991,1,0,0,2
5172501,Tactile corpuscles of Grandry,5321,unprotected,13040,28,25,50.79,21,5172501,2,0,0,2
17144344,German occupation of Estonia during World War I,45499,unprotected,8494,111,25,50.79,321,17144344,2,0,0,2
60231218,2019_Tel_Aviv_rocket_strike,37221,extendedconfirmed,7498,49,25,50.79,46,60231218,3,0,0,2
17797986,1952_raid_on_Beit_Jala,5428,extendedconfirmed,7470,368,37,2,43,17797986,9,0,0,2
48598769,2015_Gush_Etzion_Junction_attack,12825,extendedconfirmed,9904,68,32,2,41,48598769,1,2,2,2
5508002,New World crops,442438,unprotected,12924,346,46,4,9463,5508002,5,6,3,2
26574,Rooster,2977562,sysop,56,3925,201,11,28323,26574,0,0,0,3
16623945,SS Potsdam,5496,unprotected,670,12,25,50.79,43,16623945,0,0,0,3
20042982,Gil Marquez,4763,unprotected,616,20,25,50.79,19,20042982,0,0,0,3
22187225,Parallelura,2717,unprotected,58,9,25,50.79,2,22187225,0,0,0,3
23335011,The Mumbai Xpress,4988,unprotected,226,39,25,50.79,14,23335011,0,0,0,3
27166824,Echoes of Valor,8924,unprotected,1696,16,25,50.79,43,27166824,0,0,0,3
35553781,Robert Stanton Avery,3893,unprotected,1605,21,25,50.79,4,35553781,0,0,0,3
35883126,Kristina Bergstrand,4395,unprotected,1711,15,25,50.79,15,35883126,0,0,0,3
42854546,Cankle,29791,extendedconfirmed,407,6,25,50.79,44,42854546,0,0,0,3
44953578,Mabuti Potloane,5764,unprotected,1740,9,25,50.79,7,44953578,0,0,0,3
50330064,Jane Ward (volleyball),6014,unprotected,2580,16,25,50.79,100,50330064,0,0,0,3
1001251,Robert Spencer (author),532302,autoconfirmed,65,2,210,41,1825,60596940,0,0,0,3
1033826,Professional wrestling attacks,2967525,autoconfirmed,91,1,376,7,6476,62814991,0,0,0,3
63855993,2020_coronavirus_pandemic_in_the_Republic_of_Artsakh,17526,extendedconfirmed,105,1,25,50.79,4,63855993,0,0,0,3
65746765,2020_Tablighi_Jamaat_coronavirus_hotspot_in_Delhi,232767,extendedconfirmed,107,1,45,26,101,65746765,0,0,0,3
2872825,List of social networking websites,5746759,extendedconfirmed,95,1,1166,44,5431,65785331,0,0,0,3
14305018,Armed Forces of the Islamic Republic of Iran,1557978,extendedconfirmed,98,1,152,15,3352,67508150,0,0,0,3
67638847,2021_Jerusalem_clashes,95209,extendedconfirmed,91,2,25,50.79,83,67638847,0,0,0,3
994697,The Sunday Format,15807,unprotected,3759,44,25,50.79,89,994697,1,0,0,3
1143923,Honolulu University,41519,autoconfirmed,3365,165,25,50.79,461,1143923,1,0,0,3
8979715,Bolt (comics),28754,unprotected,952,7,25,50.79,52,8979715,1,0,0,3
11900591,German settlements in the Riverina,10481,unprotected,5447,39,25,50.79,59,11900591,1,0,0,3
18131480,WIZZ,18846,unprotected,3588,52,25,50.79,121,18131480,1,0,0,3
18560408,Mulock Inlet,3180,unprotected,529,20,25,50.79,7,18560408,1,0,0,3
29518238,2010 New York City Marathon,18973,unprotected,13931,62,25,50.79,105,29518238,1,0,0,3
40190933,Allan Hornyak,18965,unprotected,5267,24,25,50.79,113,40190933,1,0,0,3
1851366,WNTM,19135,unprotected,11078,143,25,50.79,103,1851366,2,0,0,3
9913874,Sameer Group,76753,unprotected,4903,64,25,50.79,631,9913874,2,0,0,3
31543806,Swinerton,46549,unprotected,5314,84,25,50.79,490,31543806,3,0,0,3
54639038,2017_Temple_Mount_crisis,42725,extendedconfirmed,21415,148,34,7,223,54639038,3,0,0,3
19318807,Éon de l'Étoile,9604,unprotected,5164,26,25,50.79,49,19318807,4,0,0,3
54632982,2017_Amman_incident,21441,extendedconfirmed,17411,180,25,50.79,116,54632982,4,0,0,3
32602140,Satchwell v President of the Republic of South Africa,10455,unprotected,4159,15,25,50.79,29,32602140,5,0,0,3
45704583,Altounyan,3211,unprotected,762,12,25,50.79,17,45704583,5,0,0,3
1126490,Yard of ale,590917,autoconfirmed,5300,352,41,4,5641,1126490,6,0,0,3
5291226,Roberval and Saguenay Railway,17352,unprotected,874,34,25,50.79,76,5291226,6,0,0,3
11291,Floccinaucinihilipilification,160037,autoconfirmed,373,709,69,8,484,11291,12,0,0,3
5151116,Slick Shoes (album),7279,unprotected,165,29,25,50.79,8,5151116,0,1,1,3
43655946,Haumaniastrum,7707,unprotected,4350,10,25,50.79,65,43655946,0,1,1,3
1066018,Philip J. Kaplan,89092,autoconfirmed,74,1,30,2,2073,68269662,0,1,1,3
7004929,1998 Riga bombing,14327,unprotected,13724,71,25,50.79,103,7004929,1,1,1,3
15514710,Eccellenza Lombardy,16679,unprotected,4932,39,25,50.79,186,15514710,1,1,1,3
1856025,1973_Israeli_raid_on_Lebanon,306947,extendedconfirmed,11924,318,151,11,3965,1856025,2,1,1,3
38348515,Rolling Stone Australia Awards,11676,unprotected,5787,21,25,50.79,60,38348515,0,2,1,3
10449970,List of TriStar Pictures films,669910,autoconfirmed,37328,1811,36,7,10681,10449970,1,2,2,3
43345873,Power Rangers Dino Charge,2294646,sysop,13582,893,82,9,12257,43345873,9,2,2,3
994248,Forfeit (baseball),114667,unprotected,17273,198,25,50.79,1475,994248,0,0,0,4
1747520,Stormont House,67905,unprotected,2667,76,25,50.79,523,1747520,0,0,0,4
6948376,Telaga,129762,extendedconfirmed,10994,1208,25,50.79,3261,6948376,0,0,0,4
10678644,Tommy Turner (footballer),16963,unprotected,3275,61,25,50.79,252,10678644,0,0,0,4
10960729,Mike Harper,7808,autoconfirmed,4549,43,25,50.79,23,10960729,0,0,0,4
11485528,Dan O'Halloran,43858,autoconfirmed,3256,149,25,50.79,144,11485528,0,0,0,4
26624894,The Quakeress,6917,unprotected,3156,22,25,50.79,17,26624894,0,0,0,4
28385909,Zabus,4067,unprotected,2393,10,25,50.79,6,28385909,0,0,0,4
29530235,Stanislav Hristov,3488,unprotected,1491,22,25,50.79,2,29530235,0,0,0,4
33002187,Kellie Wells (athlete),69661,unprotected,5074,83,25,50.79,1226,33002187,0,0,0,4
35828882,Marco Gerini,6278,unprotected,2109,19,25,50.79,29,35828882,0,0,0,4
38115655,Djursholms Ekeby,5790,unprotected,2641,9,25,50.79,15,38115655,0,0,0,4
44298454,Goephanes pictidorsis,2154,unprotected,825,7,25,50.79,4,44298454,0,0,0,4
48057153,Black Hole (2015 film),28537,unprotected,8145,43,25,50.79,124,48057153,0,0,0,4
5481257,Oil Circuit Breaker,3237,unprotected,147,6,25,50.79,2,50368589,0,0,0,4
47570046,Shaun King (activist),889195,sysop,96,4,64,15,485,52894365,0,0,0,4
10304105,Machete (film),965522,autoconfirmed,93,3,104,13,263,54393909,0,0,0,4
142056,Madonna (entertainer),24732062,sysop,126,3,1314,100,21085,64683029,0,0,0,4
134907,"Badger, South Dakota",13004,unprotected,11369,94,25,50.79,68,134907,1,0,0,4
1894958,Ergastulum,28043,unprotected,4552,38,25,50.79,395,1894958,1,0,0,4
6479721,Jeff Trandahl,20351,unprotected,7845,105,25,50.79,127,6479721,1,0,0,4
12410725,Rock skipper,7947,unprotected,3594,44,25,50.79,22,12410725,1,0,0,4
15559781,No Mercy (2005),345254,unprotected,27004,453,25,50.79,3765,15559781,1,0,0,4
20152869,Natércia,10660,unprotected,2251,47,25,50.79,27,20152869,1,0,0,4
36466994,Lelei Fonoimoana,7116,unprotected,2338,24,25,50.79,43,36466994,1,0,0,4
40744818,Cosmosoma aurifera,3159,unprotected,803,12,25,50.79,6,40744818,1,0,0,4
44687054,Dichocrocis eubulealis,4800,unprotected,811,9,25,50.79,10,44687054,1,0,0,4
1204347,British Rail DHP1,20675,unprotected,2656,32,25,50.79,140,1204347,2,0,0,4
8227825,Morrisons Cove,17541,unprotected,6129,72,25,50.79,114,8227825,2,0,0,4
10256222,The Biggest Loser Australia (season 2),40998,autoconfirmed,64158,682,25,50.79,365,10256222,2,0,0,4
11026242,Traumatic insemination,948886,autoconfirmed,32372,466,82,7,4261,11026242,2,0,0,4
11123648,Canterbury University (Seychelles),39615,autoconfirmed,7300,622,36,3,166,11123648,2,0,0,4
32918714,2011_Tel_Aviv_nightclub_attack,34639,extendedconfirmed,23653,266,25,50.79,171,32918714,2,0,0,4
41552509,Terpsichora,31620,unprotected,6127,25,25,50.79,315,41552509,2,0,0,4
19814070,Chardon de Croisilles,7082,unprotected,2936,19,25,50.79,11,19814070,3,0,0,4
36040410,Woody Paige,341834,extendedconfirmed,5892,653,37,50.79,2706,36040410,3,0,0,4
1059962,KVIE,54603,autoconfirmed,6465,230,25,50.79,448,1059962,4,0,0,4
6160716,"Barview, Oregon",11741,unprotected,6338,52,25,50.79,62,6160716,4,0,0,4
10391001,Lil Wayne albums discography,1452032,autoconfirmed,36254,9155,80,12,15691,10391001,4,0,0,4
42990507,Big Brother Canada (season 3),431001,sysop,59408,1628,25,50.79,2159,42990507,4,0,0,4
1114570,John O'Shea,1593669,autoconfirmed,44683,2315,72,4,12293,1114570,5,0,0,4
55897845,2018_Novak_Djokovic_tennis_season,125593,extendedconfirmed,42039,376,25,50.79,1582,55897845,0,1,1,4
48899498,List of Power Rangers Dino Super Charge episodes,891490,sysop,37471,406,45,8,2453,48899498,2,1,1,4
31272990,2011_Jerusalem_bus_stop_bombing,17571,extendedconfirmed,18910,328,25,50.79,48,31272990,3,1,1,4
31662519,2015_Canadian_federal_election,1303885,sysop,104716,2624,144,24,27218,31662519,22,1,1,4
38026467,Malaysia Federal Route 230,5869,unprotected,2989,25,25,50.79,11,38026467,1,2,1,4
10422721,Pacific Northwest tree octopus,789589,autoconfirmed,8575,2317,90,7,3546,10422721,12,2,1,4
1056214,Ljubo Miloš,69231,autoconfirmed,14712,288,25,50.79,925,1056214,2,2,2,4
10682197,List of Waterloo Road characters,605493,autoconfirmed,42606,4628,49,2,6525,10682197,114,7,2,4
1079866,Mantle (geology),1959765,autoconfirmed,7545,2413,201,19,8025,1079866,2,4,3,4
10595985,Phil Nibbelink,54442,autoconfirmed,4975,237,25,50.79,1528,10595985,0,0,0,5
11392263,Sacramento County Jail,59319,autoconfirmed,933,39,25,50.79,531,11392263,0,0,0,5
11591980,1967_Palestinian_exodus,75466,extendedconfirmed,5267,106,39,6,537,11591980,0,0,0,5
16825300,Calhoun County Courthouse (South Carolina),7522,unprotected,3739,28,25,50.79,23,16825300,0,0,0,5
22107014,"Logan Township, Sherman County, Kansas",5105,unprotected,3406,19,25,50.79,10,22107014,0,0,0,5
25397157,Vriesea schunkii,3472,unprotected,1019,11,25,50.79,3,25397157,0,0,0,5
25460933,Vriesea pardalina,4510,unprotected,1023,13,25,50.79,21,25460933,0,0,0,5
31090870,Irish Coffee (band),30233,unprotected,10095,65,25,50.79,297,31090870,0,0,0,5
35778912,"Maxine, West Virginia",8951,unprotected,2774,8,25,50.79,35,35778912,0,0,0,5
40654445,Former Residence of Ba Jin,8833,unprotected,3666,14,25,50.79,30,40654445,0,0,0,5
46180677,Ditrigona chama,2813,unprotected,1532,12,25,50.79,3,46180677,0,0,0,5
24596500,Kamaal Rashid Khan,1760361,extendedconfirmed,75,1,43,5,2085,62514488,0,0,0,5
10128,Elizabeth I of England,27703236,autoconfirmed,72,1,1255,93,50759,64146479,0,0,0,5
9406648,Pittsburgh Center for the Arts,41153,unprotected,11730,74,25,50.79,145,9406648,1,0,0,5
12973138,Ace of Hearts Records (US),15409,unprotected,13195,116,25,50.79,130,12973138,1,0,0,5
13491517,Fredrik Hermansson,18818,unprotected,2850,50,25,50.79,83,13491517,1,0,0,5
18639933,Sojczyn Grądowy,3660,unprotected,1517,9,25,50.79,13,18639933,1,0,0,5
26293522,Lists of Palestinian rocket attacks on Israel,38148,extendedconfirmed,2442,55,25,50.79,237,26293522,1,0,0,5
33775301,Monument to Christ the King,13435,unprotected,8013,35,25,50.79,83,33775301,1,0,0,5
48985076,William Dunstone,4074,unprotected,1878,6,25,50.79,8,48985076,1,0,0,5
10101151,IQ and Global Inequality,228056,autoconfirmed,16224,1120,126,13,1581,10101151,2,0,0,5
10255667,The Biggest Loser Australia (season 1),99699,autoconfirmed,16935,321,25,50.79,1327,10255667,2,0,0,5
11574890,1880_Republican_National_Convention,195738,sysop,66649,481,42,5,1023,11574890,2,0,0,5
20921922,Camissoniopsis hirtella,3580,unprotected,1642,10,25,50.79,12,20921922,2,0,0,5
31606987,Starksia spinipenis,3042,unprotected,1853,18,25,50.79,3,31606987,2,0,0,5
35921636,Charaxes cedreatis,5767,unprotected,3551,27,25,50.79,14,35921636,2,0,0,5
48675579,Steve Levy,398167,extendedconfirmed,8020,280,25,50.79,2849,48675579,2,0,0,5
38377889,Mishen,7405,unprotected,1828,5,25,50.79,21,38377889,4,0,0,5
44279911,Palestinian stone-throwing,131797,extendedconfirmed,109895,826,68,14,1012,44279911,7,0,0,5
1018018,Burzynski Clinic,1279103,autoconfirmed,53828,1334,186,10,3558,1018018,9,0,0,5
27313295,Tosh.0,1670423,extendedconfirmed,27443,1261,1170,12,15339,27313295,18,0,0,5
29642103,Kaalo,283120,unprotected,5793,128,25,50.79,4381,29642103,0,1,1,5
10483209,Skilled Group,30320,autoconfirmed,4049,219,25,50.79,188,10483209,1,1,1,5
22612619,1946_California's_12th_congressional_district_election,29651,sysop,60744,657,25,50.79,405,22612619,1,1,1,5
1104310,James L. Dolan,2287418,autoconfirmed,31580,870,42,3,12938,1104310,2,1,1,5
6736418,Phil Hall (US writer),14549,sysop,9508,167,25,50.79,87,6736418,3,1,1,5
43471871,2014_Jerusalem_tractor_attack,34507,extendedconfirmed,15029,128,25,50.79,144,43471871,4,1,1,5
10442845,Travel website,522147,autoconfirmed,4404,448,64,4,1805,10442845,9,1,1,5
2970314,Liam Fontaine,101407,unprotected,20489,412,25,50.79,1175,2970314,0,3,1,5
16454727,Bhumihar,1035791,extendedconfirmed,28942,2591,128,16,15386,16454727,5,3,1,5
41276868,2015_Myanmar_general_election,156610,sysop,119858,1156,54,9,2085,41276868,10,3,1,5
10200539,Premier Basketball League,203961,autoconfirmed,28732,1160,25,50.79,1638,10200539,2,4,1,5
25572706,Miracle Mineral Supplement,1602602,extendedconfirmed,44124,953,174,24,14395,25572706,15,4,1,5
53259328,1947_Poonch_rebellion,60304,extendedconfirmed,69827,438,25,50.79,1829,53259328,1,4,3,5
26494,Race and intelligence,2959231,extendedconfirmed,147226,13234,957,102,19257,26494,54,6,4,5
57387798,2019_Stanley_Cup_Finals,625907,sysop,69731,661,25,50.79,6526,57387798,7,11,4,5
2423824,Nate Robinson,6411198,sysop,47971,3409,106,8,38581,2423824,3,9,6,5
55626926,2018_Stanley_Cup_Finals,701635,sysop,72180,625,25,50.79,7424,55626926,7,12,6,5
151496,Cheeseburger,969377,sysop,17581,3741,154,9,9463,151496,13,8,7,5
1123327,1998 San Marino Grand Prix,50965,autoconfirmed,12326,125,25,50.79,368,1123327,0,0,0,6
11663591,The Contractor (2007 film),234392,autoconfirmed,6479,151,25,50.79,3354,11663591,0,0,0,6
18730840,Landesliga Westfalen,10783,unprotected,3674,34,25,50.79,89,18730840,0,0,0,6
18852506,Double Time (Leon Redbone album),42507,unprotected,4813,51,25,50.79,231,18852506,0,0,0,6
22467831,"Zala, Cerknica",6778,unprotected,4375,18,25,50.79,14,22467831,0,0,0,6
28453164,Kunovec Breg,5038,unprotected,2301,10,25,50.79,10,28453164,0,0,0,6
28672240,Jubilee Garden,8546,unprotected,634,15,25,50.79,25,28672240,0,0,0,6
34343738,Scranton Lace Company,48569,unprotected,6465,56,25,50.79,195,34343738,0,0,0,6
37868236,Pottstown Landing Historic District,4114,unprotected,2543,11,25,50.79,9,37868236,0,0,0,6
42137018,On the Way (film),29116,unprotected,1660,10,25,50.79,242,42137018,0,0,0,6
48933602,Hank Goldberg,67702,extendedconfirmed,1856,214,25,50.79,400,48933602,0,0,0,6
11121,Fox News Channel,2451914,autoconfirmed,104,3,779,24,4786,52031237,0,0,0,6
1078003,Herbert Sandler,92976,autoconfirmed,5234,234,25,50.79,353,1078003,1,0,0,6
1284813,Suristan,18236,unprotected,714,30,25,50.79,62,1284813,1,0,0,6
11058016,Mohammad Asghar,53629,autoconfirmed,15929,273,25,50.79,296,11058016,1,0,0,6
11146900,Barney in Outer Space,40748,autoconfirmed,1965,170,25,50.79,328,11146900,1,0,0,6
21670197,Mieścin,2664,unprotected,1647,9,25,50.79,7,21670197,1,0,0,6
10723564,1960_South_Vietnamese_coup_attempt,106833,sysop,52093,429,37,8,427,10723564,2,0,0,6
10723564,1960_South_Vietnamese_coup_attempt,106833,sysop,52093,429,37,8,427,10723564,2,0,0,6
11849345,The Best of Baccara,12726,unprotected,3343,66,25,50.79,88,11849345,2,0,0,6
13166829,Wellington Central (New Zealand electorate),56294,unprotected,85725,269,25,50.79,475,13166829,2,0,0,6
20874386,2008 Summer Olympics on NBC,18667,unprotected,15417,58,25,50.79,611,20874386,2,0,0,6
51550220,1947_Jammu_massacres,319698,extendedconfirmed,38928,535,38,6,4533,51550220,2,0,0,6
1004706,Dysarthria,1590426,autoconfirmed,18133,342,117,7,12490,1004706,3,0,0,6
14142805,1998 Georgia Bulldogs football team,46280,sysop,6387,168,25,50.79,341,14142805,3,0,0,6
16226447,Aïn Bouyahia,6033,unprotected,1070,17,25,50.79,4,16226447,3,0,0,6
28372535,Dan Vs.,406821,extendedconfirmed,23712,1938,67,13,8825,28372535,3,0,0,6
48416590,John Craven,686603,extendedconfirmed,8114,270,25,50.79,3030,48416590,3,0,0,6
11371144,WRFF,70484,autoconfirmed,13416,331,25,50.79,527,11371144,5,0,0,6
21069417,Egyptian mythology,1687844,sysop,66143,566,381,59,15755,21069417,5,0,0,6
11567670,List of The Cosby Show characters,1178088,autoconfirmed,39232,835,35,50.79,10518,11567670,8,0,0,6
10991907,Ray Collins (American football),10279,unprotected,2183,40,25,50.79,44,10991907,1,1,1,6
1116006,Histeria!,331609,autoconfirmed,32466,970,55,7,3648,1116006,14,1,1,6
23492370,Jed York,941547,sysop,12419,515,25,50.79,2447,23492370,0,3,2,6
2527797,Heathenry (new religious movement),2429961,sysop,116950,3971,469,64,33434,2527797,90,7,5,6
442588,Mario Party,1304497,sysop,97313,2408,154,21,21869,442588,12,13,9,6
46698586,20th_Television_Animation,39509,sysop,12306,692,25,50.79,9128,46698586,4,20,13,6
67860745,2021_Maricopa_County_presidential_ballot_audit,543,extendedconfirmed,64707,232,25,50.79,14131,67860745,7,147,16,6
868404,"Sawa District, Gunma",7441,unprotected,1808,34,25,50.79,24,868404,0,0,0,7
6607217,Joe Vogel,60203,unprotected,7786,175,25,50.79,619,6607217,0,0,0,7
585629,Kiev,4537726,sysop,153,40,487,81,7945,6700583,0,0,0,7
10579795,Olga Fedori,194750,autoconfirmed,6441,251,25,50.79,876,10579795,0,0,0,7
11044005,Satellite Spies,17392,autoconfirmed,4200,250,25,50.79,64,11044005,0,0,0,7
16429381,157473_Emuno,8405,sysop,275,25,25,50.79,1,16429381,0,0,0,7
25426903,Fred Thomas (wrestler),5449,unprotected,1812,23,25,50.79,22,25426903,0,0,0,7
33263353,Brunflo FK,7884,unprotected,9326,36,25,50.79,26,33263353,0,0,0,7
43063238,Young Mrs. Winthrop,8159,unprotected,4406,31,25,50.79,16,43063238,0,0,0,7
23564616,Republic of Macedonia,7928187,extendedconfirmed,117,4,1041,37,4323,59940372,0,0,0,7
1300462,Bob Enyart,102332,sysop,6736,670,31,4,476,1300462,1,0,0,7
4972179,Blackpool Gate,6542,unprotected,1590,20,25,50.79,39,4972179,1,0,0,7
10494172,Russell Kane,940877,autoconfirmed,9543,691,25,50.79,6101,10494172,1,0,0,7
17128044,Ludgate Circus tube station,27629,unprotected,3265,57,25,50.79,215,17128044,1,0,0,7
33492496,Gustav Niessl von Mayendorf,6243,unprotected,2115,13,25,50.79,17,33492496,1,0,0,7
35761443,V. Owen Bush,10243,unprotected,24338,244,25,50.79,35,35761443,1,0,0,7
1039393,Andrewsarchus,520695,autoconfirmed,9508,654,79,9,5190,1039393,2,0,0,7
25217696,Sergio y Estíbaliz,47978,unprotected,4743,29,25,50.79,421,25217696,2,0,0,7
10721157,Shirley Phelps-Roper,1046975,autoconfirmed,10051,1010,83,9,10899,10721157,4,0,0,7
17901024,'Azza,43094,extendedconfirmed,5574,87,25,50.79,205,17901024,4,0,0,7
30984841,The Amazing Race 3 (Latin America),26082,unprotected,40242,678,25,50.79,61,30984841,4,0,0,7
52807982,2017_Jerusalem_truck_attack,44582,extendedconfirmed,22139,392,42,6,130,52807982,5,0,0,7
1402267,1941_Atlantic_hurricane_season,58416,sysop,23647,206,31,5,254,1402267,6,0,0,7
36162236,Peter Huang,26588,extendedconfirmed,11947,188,35,4,212,36162236,7,0,0,7
5006922,Mukkulathor,752065,extendedconfirmed,12342,3394,97,12,10140,5006922,13,0,0,7
10605960,Non-penetrative sex,8122043,autoconfirmed,40998,1577,447,61,158362,10605960,19,0,0,7
19533905,Castiel (Supernatural),1836645,extendedconfirmed,74987,1878,119,9,13077,19533905,0,1,1,7
11286472,Renee Alway,561163,autoconfirmed,6874,432,25,50.79,4274,11286472,2,1,1,7
67728,Petrochemical,1486571,unprotected,23015,554,135,14,15244,67728,5,1,1,7
5253337,Beyond Rangoon,159701,unprotected,9233,241,25,50.79,1716,5253337,0,2,1,7
11504,Fandom,1019279,autoconfirmed,32945,1022,183,23,10833,11504,6,2,1,7
22212156,Yadav,1785214,extendedconfirmed,45518,6413,146,20,30033,22212156,3,2,2,7
10515516,Pooja Gandhi,1031457,autoconfirmed,42752,1827,25,50.79,9056,10515516,7,2,2,7
47263,243_Ida,312413,sysop,57284,853,94,8,1949,47263,11,2,2,7
18562,Leet,2916208,sysop,24654,9877,998,46,49289,18562,193,2,2,7
4556155,Ahir,663253,extendedconfirmed,25602,3762,87,14,10806,4556155,10,4,4,7
15619833,Karan Singh Grover,7369447,extendedconfirmed,35403,5331,118,8,50293,15619833,0,15,8,7
6700858,Mornago,11383,unprotected,4428,41,25,50.79,68,6700858,0,0,0,8
10086685,Chris Malkin,19956,autoconfirmed,4274,127,25,50.79,141,10086685,0,0,0,8
10099763,Green Hills Engineering College,20048,autoconfirmed,4567,199,25,50.79,124,10099763,0,0,0,8
17062169,Tony Oden,35307,unprotected,7717,84,25,50.79,243,17062169,0,0,0,8
20921483,"Brighton High School (Brighton, Tennessee)",10482,unprotected,2638,82,25,50.79,38,20921483,0,0,0,8
22409936,James Striar School of General Jewish Studies,6928,unprotected,5366,58,25,50.79,24,22409936,0,0,0,8
27056128,Didianema pauli,4411,unprotected,1432,22,25,50.79,1,27056128,0,0,0,8
35195712,Box of Toys,10909,unprotected,3019,23,25,50.79,38,35195712,0,0,0,8
40017873,Diabetes mellitus,9197523,sysop,185,78,845,109,19829,40017940,0,0,0,8
119447,"Kelliher, Minnesota",19396,unprotected,9360,87,25,50.79,132,119447,1,0,0,8
1047310,Crosspool,36063,autoconfirmed,12572,91,25,50.79,241,1047310,1,0,0,8
9503615,Warborough,25673,unprotected,9233,60,25,50.79,284,9503615,1,0,0,8
13556677,The Guns (band),19145,unprotected,5935,217,25,50.79,80,13556677,1,0,0,8
19127843,Random Acts of Kindness Day,92292,unprotected,6185,95,25,50.79,323,19127843,1,0,0,8
36259528,Boerhavia erecta,30716,unprotected,6619,42,25,50.79,583,36259528,1,0,0,8
41750485,Marguerite Fourrier,5773,unprotected,1789,8,25,50.79,24,41750485,1,0,0,8
25379910,Parrita,8361,unprotected,4344,26,25,50.79,45,25379910,2,0,0,8
11137057,BlueWare,14764,autoconfirmed,4993,123,25,50.79,53,11137057,3,0,0,8
42742638,Claudio Daniel Stern,14989,unprotected,5932,38,25,50.79,55,42742638,3,0,0,8
1050479,BloodRayne 2,211863,autoconfirmed,11156,510,33,6,2286,1050479,4,0,0,8
1402627,1933_Atlantic_hurricane_season,180548,sysop,73751,783,40,5,1157,1402627,5,0,0,8
11237896,Kalya,73579,autoconfirmed,9200,182,25,50.79,1178,11237896,7,0,0,8
11511282,YouPorn,4908376,autoconfirmed,16548,1091,369,17,49169,11511282,9,0,0,8
2208730,Denver Center for the Performing Arts,104469,unprotected,7612,108,25,50.79,237,2208730,12,0,0,8
1119701,Physical medicine and rehabilitation,846410,autoconfirmed,9938,768,89,9,5580,1119701,33,0,0,8
1141494,Salif Diao,193387,autoconfirmed,23547,537,25,50.79,1305,1141494,0,1,1,8
44973911,Anders Gronstedt,18945,unprotected,7421,49,25,50.79,25,44973911,0,1,1,8
49685953,2016_Tel_Aviv_stabbings,36204,extendedconfirmed,16829,146,25,50.79,136,49685953,2,1,1,8
21868967,Morgellons,2428631,extendedconfirmed,26195,4390,421,35,25778,21868967,12,1,1,8
1009259,Macy's Thanksgiving Day Parade,2198960,autoconfirmed,118094,3913,157,15,8939,1009259,13,1,1,8
1117328,Pickaxe,680230,autoconfirmed,5177,352,54,8,7781,1117328,13,1,1,8
1070152,Mugger crocodile,1046078,autoconfirmed,58629,932,70,15,14084,1070152,18,1,1,8
17500955,Miyahara Station,10830,unprotected,4342,32,25,50.79,60,17500955,0,3,1,8
12701,Greenwich Mean Time,5121310,sysop,22563,1695,366,36,80649,12701,13,2,2,8
1033897,Death of Adolf Hitler,8960514,autoconfirmed,51883,3995,306,31,90072,1033897,24,4,2,8
10374465,Jordan Rhodes,1267744,autoconfirmed,49521,2010,31,2,10208,10374465,1,5,3,8
615932,Russian humour,91731,unprotected,13421,377,50,4,878,615932,5,7,4,8
699466,Habbo,840547,sysop,43900,7546,484,12,8222,699466,32,10,4,8
113055,Temperament,1011476,autoconfirmed,39812,496,182,16,8246,113055,10,23,4,8
4877697,Daniel Sturridge,5888455,sysop,86633,4563,85,16,93272,4877697,3,16,10,8
156105,Chinggis Khaan International Airport,376293,sysop,22874,206,48,11,2916,38046876,9,25,10,8
1371138,The Fox and the Hound,2768125,sysop,40346,2131,167,17,37426,1371138,7,15,13,8
1449866,Word,2123859,sysop,17334,3489,377,40,18478,1449866,6,16,13,8
1143036,Chelmsley Wood,106391,autoconfirmed,15267,562,25,50.79,1017,1143036,0,0,0,9
8659823,Katya Lycheva,54999,unprotected,3834,53,25,50.79,779,8659823,0,0,0,9
21841567,Nowe Guty,6460,unprotected,1895,12,25,50.79,42,21841567,0,0,0,9
1796393,David Aldridge,611597,extendedconfirmed,5996,263,25,50.79,3806,1796393,1,0,0,9
23264187,Cappelen Damm,24621,unprotected,1110,17,25,50.79,79,23264187,1,0,0,9
30882408,Pine Islet Light,7730,unprotected,10125,59,25,50.79,49,30882408,1,0,0,9
46846123,Piñata Protest,21011,unprotected,5844,55,25,50.79,196,46846123,1,0,0,9
113180,Pussy,6633566,autoconfirmed,21381,1993,281,24,49762,113180,2,0,0,9
11650319,Xiaxue,237120,autoconfirmed,14134,1521,46,3,1751,11650319,2,0,0,9
27282260,Yaroslav Krestovsky,10438,unprotected,9045,99,25,50.79,17,27282260,2,0,0,9
445112,13th_Airborne_Division_(United_States),231967,sysop,26179,396,36,4,2307,445112,3,0,0,9
1838995,Galician Literature Day,34990,unprotected,5397,129,25,50.79,56,1838995,4,0,0,9
8549547,Chekavar,72372,extendedconfirmed,2718,757,25,50.79,781,8549547,4,0,0,9
10884089,List of The New Adventures of Winnie the Pooh episodes,279617,autoconfirmed,39388,644,25,50.79,2637,10884089,4,0,0,9
11403316,Compressed sensing,554989,autoconfirmed,46782,644,143,13,5646,11403316,7,0,0,9
1100953,Khachkar,193942,sysop,15897,511,83,10,1656,1100953,12,0,0,9
1052338,1 Esdras,293221,unprotected,15067,416,56,12,3515,1052338,19,0,0,9
22932162,Lowndes Grove,33949,unprotected,9191,55,25,50.79,1516,22932162,0,1,1,9
10404818,Hindutash,35002,autoconfirmed,8596,299,25,50.79,239,10404818,1,1,1,9
1108159,Carcharodontosaurus,845294,autoconfirmed,17225,830,102,21,12775,1108159,7,1,1,9
52268,Sabra and Shatila massacre,1206438,extendedconfirmed,77026,2750,349,16,11223,52268,18,1,1,9
1105029,Nair,1279895,extendedconfirmed,93599,6429,193,14,18966,1105029,32,1,1,9
11059398,Adult diaper,508182,autoconfirmed,23196,256,41,5,5555,11059398,3,2,1,9
44980134,Đinh Bộ Lĩnh,83965,extendedconfirmed,8442,333,35,3,865,44980134,9,3,1,9
48460477,Natalie Cassidy,735169,extendedconfirmed,11037,626,39,3,6789,48460477,0,2,2,9
1402672,Carlton Cole,1222990,sysop,48454,2961,41,5,10978,1402672,1,2,2,9
142788,Gas chamber,3439109,extendedconfirmed,26724,1393,246,26,33921,142788,8,3,3,9
43758363,Gamergate controversy,6556991,extendedconfirmed,193975,6410,590,82,60340,43758363,23,15,12,9
2236472,Transformers (film),7276665,sysop,80935,11637,513,22,71140,2236472,12,22,14,9
102210,Arthur (TV series),4124129,autoconfirmed,48092,4549,207,37,132203,102210,22,33,23,9
25569743,"Acari, Rio Grande do Norte",8270,unprotected,5118,27,25,50.79,39,25569743,0,0,0,10
40846275,Technothlon,58232,unprotected,16424,115,25,50.79,976,40846275,0,0,0,10
10509730,Alec Butler,82560,autoconfirmed,5735,96,25,50.79,627,10509730,1,0,0,10
11030872,God Made Me Funky,18773,autoconfirmed,5359,116,25,50.79,135,11030872,3,0,0,10
11053801,Maz Jobrani,995097,autoconfirmed,9564,361,45,9,7266,11053801,3,0,0,10
40803169,DJ Playero,160425,unprotected,11108,299,25,50.79,1029,40803169,4,0,0,10
64837386,2020_Bangalore_riots,210150,extendedconfirmed,27156,410,44,13,3034,64837386,4,0,0,10
108852,"Somers, Connecticut",89607,unprotected,15884,353,25,50.79,1159,108852,5,0,0,10
6070854,Gérgal,10685,unprotected,3156,58,25,50.79,52,6070854,5,0,0,10
10284103,House of Merode,92358,autoconfirmed,17384,324,25,50.79,1320,10284103,10,0,0,10
41999710,Nadeshot,1013275,sysop,27205,2027,49,6,10010,41999710,11,0,0,10
5678569,Lollar,25323,unprotected,1428,39,25,50.79,149,5678569,0,1,1,10
10111390,Guild Wars 2,1218436,autoconfirmed,52335,1007,120,5,23472,10111390,5,1,1,10
1141314,California Miramar University,196766,autoconfirmed,7122,828,44,4,1720,1141314,6,1,1,10
3727561,Firozpur district,111685,sysop,5698,351,25,50.79,1239,3727561,9,1,1,10
32786931,2011_southern_Israel_cross-border_attacks,85379,extendedconfirmed,75912,939,83,50.79,460,32786931,12,1,1,10
10172009,Kulraj Randhawa,876561,autoconfirmed,3733,299,25,50.79,7026,10172009,0,5,1,10
25856,Radiation,3911900,sysop,42922,3894,515,48,29185,25856,3,2,2,10
285059,Line of Control,1974023,extendedconfirmed,15759,463,128,14,16739,285059,14,7,2,10
4032739,Prostitution in South Korea,798234,extendedconfirmed,49601,871,69,8,7653,4032739,1,5,3,10
1118379,Online shopping,4235308,autoconfirmed,50926,2620,302,31,114589,1118379,70,5,4,10
1914,Antimicrobial resistance,1461174,unprotected,132450,3377,264,26,8281,1914,29,15,6,10
68253,List of sovereign states,7394709,sysop,130225,8577,899,111,81948,68253,69,12,10,10
2505806,Ernst Hofbauer,36781,unprotected,4521,87,25,50.79,329,2505806,0,0,0,11
2876164,Ataun,17824,unprotected,2839,65,25,50.79,78,2876164,0,0,0,11
10847146,R. Paul Robertson,11000,unprotected,2345,52,25,50.79,105,10847146,0,0,0,11
48901872,Chemillé-en-Anjou,9467,unprotected,2673,20,25,50.79,65,48901872,0,0,0,11
1056208,Jure Francetić,101212,autoconfirmed,21260,398,25,50.79,1377,1056208,1,0,0,11
10403956,Robert Garside,52630,autoconfirmed,53284,836,41,50.79,410,10403956,2,0,0,11
31321309,Terry Bean,82673,extendedconfirmed,20207,381,43,13,327,31321309,3,0,0,11
11115779,George Runner,36892,autoconfirmed,20489,252,25,50.79,183,11115779,4,0,0,11
15606119,List of wars involving Israel,1445243,extendedconfirmed,31648,885,138,15,13038,15606119,8,0,0,11
6867958,Vanniyar,812397,extendedconfirmed,15382,1622,76,12,14725,6867958,21,0,0,11
225891,Kamma (caste),1107024,extendedconfirmed,40783,4432,107,5,17706,225891,6,1,1,11
1030599,Black History Month,2816859,autoconfirmed,26287,2005,178,20,6725,1030599,6,1,1,11
1001666,List of Dragon Ball characters,5051287,autoconfirmed,159170,6442,231,19,57401,1001666,429,3,1,11
44089740,Brianna Wu,1274269,extendedconfirmed,29957,550,128,20,17304,44089740,7,4,1,11
156115,Sexual fetishism,3711274,sysop,32523,2288,491,38,44531,156115,19,3,3,11
1030713,Gabe Newell,3357279,autoconfirmed,21159,1379,178,25,70056,1030713,5,4,3,11
8592058,List of Rajputs,800824,extendedconfirmed,52263,3539,58,7,14507,8592058,2,11,3,11
6048021,Sarah Natochenny,465985,sysop,21487,1098,43,9,5195,6048021,3,4,4,11
19281864,Katy Perry discography,2150116,extendedconfirmed,104958,6757,96,10,17013,19281864,6,4,4,11
7669549,Great Fire of London,4544647,sysop,54511,3584,399,39,57979,7669549,18,6,5,11
15824338,Canville-la-Rocque,9227,unprotected,1621,52,25,50.79,8,15824338,0,0,0,12
8774881,Raymond D. Fogelson,11112,unprotected,4303,31,25,50.79,32,8774881,2,0,0,12
11054586,North View Secondary School,20745,autoconfirmed,3143,472,25,50.79,157,11054586,2,0,0,12
1001707,Jaffa Cakes,1298825,autoconfirmed,13196,1890,146,11,10941,1001707,5,0,0,12
1106026,Beth Ostrosky Stern,2484625,autoconfirmed,11713,1288,68,7,20466,1106026,5,0,0,12
200136,Static electricity,2314709,sysop,28382,2032,193,17,14737,200136,6,0,0,12
1047835,Way of the Dragon,1257399,autoconfirmed,21589,1073,70,10,17550,1047835,7,0,0,12
11470826,Jake T. Austin,4176999,autoconfirmed,28200,4279,201,8,25564,11470826,7,0,0,12
101679,VRML,442784,autoconfirmed,14865,838,99,10,3240,101679,10,0,0,12
267603,Killings and massacres during the 1948 Palestine war,147957,extendedconfirmed,43892,1381,129,11,1155,267603,11,0,0,12
27485183,Willem van den Hout,8800,unprotected,8807,45,25,50.79,59,27485183,1,1,1,12
855728,Red McCombs,485956,unprotected,14806,376,32,50.79,4852,855728,2,1,1,12
2642626,VDL Nedcar,123765,unprotected,19676,238,25,50.79,1683,2642626,5,1,1,12
1109945,Turkish Naval Forces,768371,autoconfirmed,52358,1895,71,10,11272,1109945,8,1,1,12
2346196,Khowar language,166809,sysop,14431,844,67,10,2127,2346196,19,2,1,12
44832534,Connor Franta,1056929,sysop,24545,841,108,3,4304,44832534,0,2,2,12
1526718,Kayastha,1641873,extendedconfirmed,49111,3975,136,17,23784,1526718,8,3,2,12
4250553,Gene,4895849,sysop,106860,4196,616,51,29091,4250553,9,10,6,12
11557106,Batman in film,9490155,autoconfirmed,174015,5520,287,40,119163,11557106,54,16,7,12
11288250,Martin Hirsch,27257,autoconfirmed,2592,119,25,50.79,210,11288250,0,0,0,13
15435318,Verdun-en-Lauragais,6601,unprotected,1778,53,25,50.79,17,15435318,0,0,0,13
42553171,Victor On-kwok Li,7906,unprotected,3887,37,25,50.79,37,42553171,1,0,0,13
21617375,Kallar (caste),476907,extendedconfirmed,11599,2006,52,11,6110,21617375,2,0,0,13
32102180,Kanpur railway station,15571,unprotected,2410,40,25,50.79,179,32102180,2,0,0,13
11059,Five Pillars of Islam,5210880,autoconfirmed,30168,5631,360,35,26330,11059,29,0,0,13
11258,Fellatio,14886523,autoconfirmed,38698,2966,536,64,201624,11258,63,0,0,13
11411461,Ola Toivonen,698469,autoconfirmed,38734,962,25,50.79,5068,11411461,0,1,1,13
30408047,David Straiton,47433,unprotected,2814,38,25,50.79,315,30408047,1,1,1,13
11260577,Ann Romney,944178,autoconfirmed,74407,820,52,7,6450,11260577,2,1,1,13
43842849,Aude (writer),8735,unprotected,4123,42,25,50.79,21,43842849,2,1,1,13
10624594,Krypton,2632543,autoconfirmed,24173,2754,212,22,15511,10624594,5,1,1,13
4178394,Chamar,985526,extendedconfirmed,15692,3059,80,2,15339,4178394,7,1,1,13
44980188,Peter Nguyen Van Hung,25820,extendedconfirmed,6357,457,52,8,107,44980188,7,1,1,13
1143659,Ruby Bridges,4675419,autoconfirmed,22937,1711,140,16,20334,1143659,8,1,1,13
3196487,Prostitution in China,680034,extendedconfirmed,87234,1300,124,10,6879,3196487,8,2,2,13
1057414,Traumatic brain injury,2058135,autoconfirmed,140725,1604,301,25,14640,1057414,14,2,2,13
1245311,Finasteride,4455570,extendedconfirmed,65370,2011,208,27,45350,1245311,38,2,2,13
22709,Okapi,3338751,sysop,38483,3233,231,26,35672,22709,15,3,2,13
38902,Brown,1243556,sysop,40081,2351,151,14,12039,38902,10,5,5,13
21294852,Pony,1725900,sysop,16513,972,108,10,18932,21294852,2,9,5,13
54215533,2017_London_Bridge_attack,721698,sysop,68764,2453,148,20,13086,54215533,21,7,6,13
24209,Profanity,2631829,sysop,40177,6987,499,56,31209,24209,55,9,6,13
21496243,VeggieTales,1939928,sysop,50143,6945,170,19,28454,21496243,25,23,15,13
35783123,Grizzly bear,5451752,sysop,105365,6775,291,32,72542,35783123,31,23,15,13
41938992,Maddie Ziegler,13106310,sysop,96038,3515,249,40,95161,41938992,6,37,16,13
11366634,Katie Hopkins,5596522,extendedconfirmed,108724,2817,160,29,229615,11366634,6,41,16,13
33879,Windows XP,5240447,sysop,121953,10976,913,62,67855,33879,53,35,24,13
1061021,List of secret police organizations,319210,autoconfirmed,36845,541,66,7,1685,1061021,1,0,0,14
15431820,Saint-Félix-de-Tournegat,5605,unprotected,2857,70,25,50.79,14,15431820,1,0,0,14
30094393,South Carolina Research Authority,8391,sysop,2146,196,25,50.79,18,30094393,1,0,0,14
2107573,Eric Christmas,205576,unprotected,7630,225,25,50.79,2997,2107573,2,0,0,14
11243617,Paolo Veneziano,29106,unprotected,5864,70,25,50.79,427,11243617,2,0,0,14
11347320,Saint Thomas More High School (Milwaukee),20364,autoconfirmed,9169,222,25,50.79,117,11347320,2,0,0,14
628454,Israel Shamir,144130,extendedconfirmed,28266,1834,130,11,1089,628454,3,0,0,14
1204559,Jewish Voice for Peace,191281,extendedconfirmed,46380,655,97,9,1985,1204559,3,0,0,14
17626789,1929_Hebron_massacre,402155,extendedconfirmed,46977,1090,184,16,3738,17626789,6,0,0,14
10303,Evaporation,2474667,autoconfirmed,12759,2851,176,27,15643,10303,12,0,0,14
181696,1949_Armistice_Agreements,438661,extendedconfirmed,44604,505,121,17,2964,181696,12,0,0,14
1123369,Historiography of the fall of the Western Roman Empire,440768,autoconfirmed,67131,2667,244,15,2793,1123369,15,0,0,14
50873,Feather,1157705,sysop,75945,1537,139,15,9157,50873,17,0,0,14
9675071,Ezhava,664000,extendedconfirmed,37676,4466,128,18,10147,9675071,29,0,0,14
100627,Emo,4064083,autoconfirmed,115148,9901,840,28,55215,100627,71,0,0,14
50222102,Nikolaus Hillebrand,6812,unprotected,6145,36,25,50.79,30,50222102,0,1,1,14
1162486,Giv'at Ze'ev,61461,extendedconfirmed,11245,247,32,5,663,1162486,7,1,1,14
312990,7 World Trade Center,3416117,sysop,74479,3481,415,24,33122,312990,23,1,1,14
29177750,Dota 2,5327670,extendedconfirmed,183925,3708,199,15,43478,29177750,25,1,1,14
2730733,Willie Mason,296361,sysop,41847,1163,37,3,2219,2730733,1,3,1,14
2626808,Masha Bruskina,141900,unprotected,9185,188,25,50.79,3466,2626808,0,2,2,14
21474,Natural number,3873158,sysop,46087,2733,462,54,39990,21474,19,2,2,14
11546879,Google Street View,5695914,autoconfirmed,37771,6372,496,43,76939,11546879,21,2,2,14
44632625,RuPaul's Drag Race (season 7),4780444,extendedconfirmed,42762,3248,60,6,69934,44632625,26,7,2,14
25858615,Rodger Dean Duncan,14213,unprotected,8605,90,25,50.79,41,25858615,1,3,3,14
47335,Catfish,3874683,sysop,64694,2928,201,12,59607,47335,15,4,4,14
11492,Foot,2247848,autoconfirmed,28265,2835,204,18,17142,11492,35,5,4,14
47398645,Jat people,2463950,extendedconfirmed,61303,7279,251,26,36782,47398645,63,19,5,14
43490,Windmill,2532034,sysop,37634,3465,218,23,19071,43490,15,7,7,14
25233,Quartz,5315926,sysop,55463,3089,487,42,52678,25233,29,7,7,14
27712,Sugar,6403390,sysop,89857,4985,515,44,53414,27712,26,10,10,14
10089424,Kearnan Myall,23833,autoconfirmed,4243,132,25,50.79,55,10089424,0,0,0,15
10771083,Phan Đình Phùng,74767,autoconfirmed,32431,401,25,50.79,486,10771083,3,0,0,15
1109104,Ray Comfort,585896,autoconfirmed,33736,1598,128,22,5144,1109104,4,0,0,15
1129182,Leonardo Araújo,756744,autoconfirmed,35919,820,41,5,12435,1129182,5,0,0,15
181786,Safavid dynasty,2420343,extendedconfirmed,23618,5028,464,49,19771,181786,21,0,0,15
32720869,Anita Sarkeesian,2106305,extendedconfirmed,54724,1578,304,30,15704,32720869,4,1,1,15
22620057,1948_Palestinian_exodus_from_Lydda_and_Ramle,153017,extendedconfirmed,117508,2168,170,18,2034,22620057,16,1,1,15
3534946,Hrvoje Vukčić Hrvatinić,43675,unprotected,14074,214,25,50.79,536,3534946,3,2,1,15
18247176,Deir Yassin massacre,740650,extendedconfirmed,100670,3068,278,29,6597,18247176,12,2,1,15
15679978,Israeli Apartheid Week,62622,extendedconfirmed,28304,530,77,5,357,15679978,2,3,1,15
21487063,Varangians,1178077,sysop,34827,1450,259,35,16023,21487063,11,2,2,15
19698503,Anti-Zionism,1611063,extendedconfirmed,87646,4909,424,44,15753,19698503,50,2,2,15
1524059,Chitral,429373,sysop,15211,1564,71,9,5998,1524059,16,3,2,15
1105480,Mushroomhead,1795128,autoconfirmed,42844,4361,85,6,28879,1105480,9,4,2,15
857051,Karna,4863233,extendedconfirmed,78303,3165,210,14,60199,857051,7,8,2,15
10567534,Blake Griffin,8233943,autoconfirmed,98344,3104,119,20,72108,10567534,3,3,3,15
11408,Female genital mutilation,10468369,autoconfirmed,163550,7002,600,59,59400,11408,27,7,5,15
10292532,ICarly,5772522,autoconfirmed,106019,10541,453,63,136394,10292532,70,15,5,15
104444,Dietary supplement,1830065,autoconfirmed,98439,1564,235,21,18719,104444,31,164,14,15
44215100,George Budd,13262,unprotected,3740,20,25,50.79,65,44215100,1,0,0,16
1082198,Nicky Cruz,569073,autoconfirmed,7037,1154,55,3,5301,1082198,3,0,0,16
1160865,Samy Vellu,208303,autoconfirmed,20539,986,25,50.79,3977,1160865,6,0,0,16
1157014,Pauly Shore,4372534,autoconfirmed,12665,1329,101,9,57006,1157014,7,0,0,16
1162481,Modi'in Illit,164637,extendedconfirmed,17255,644,93,10,1535,1162481,7,0,0,16
11247682,The Devil Wears Prada (band),996588,autoconfirmed,45205,3595,106,6,9158,11247682,11,1,1,16
11554502,Lester Coleman,21196,autoconfirmed,30012,861,51,6,92,11554502,11,1,1,16
47917237,2015_Mina_stampede,1010860,sysop,139974,3048,93,8,9274,47917237,6,2,2,16
42731591,2015_in_American_television,608497,sysop,385324,3599,31,4,1317,42731591,1,4,4,16
11223633,Aiglon College,194179,autoconfirmed,22636,412,25,50.79,2540,11223633,0,14,4,16
1075887,John Key,1206133,autoconfirmed,94250,1823,112,12,7938,1075887,8,9,8,16
35347635,Sasha Banks,11710601,extendedconfirmed,137391,4346,231,38,123312,35347635,9,19,8,16
27783,Stem cell,5181235,sysop,92584,6738,1013,39,20665,27783,34,12,9,16
10891776,Call of Duty 4: Modern Warfare,4174816,autoconfirmed,75532,8065,365,30,49407,10891776,52,14,9,16
30388,Thylacine,6454228,sysop,108721,4305,478,52,62766,30388,30,11,11,16
21208368,Pumpkin,3495645,sysop,38651,2884,225,29,27774,21208368,6,26,13,16
1033898,Jim Norton (Irish actor),550054,autoconfirmed,12874,316,25,50.79,5009,1033898,1,0,0,17
150829,"Thomasville, North Carolina",186064,unprotected,23294,522,25,50.79,1833,150829,5,0,0,17
1014,Alcohol,5796741,autoconfirmed,31837,3356,411,35,44068,1014,22,0,0,17
7978072,Jewish Bolshevism,1040275,extendedconfirmed,40895,2574,254,35,10605,7978072,39,0,0,17
71897,Marwan Barghouti,271038,extendedconfirmed,33059,867,151,11,2252,71897,5,1,1,17
1102136,Sambandar,213773,autoconfirmed,17990,476,25,50.79,4522,1102136,11,1,1,17
351513,Aliyah,2337420,extendedconfirmed,109843,2489,374,34,23038,351513,12,1,1,17
11567096,Murdoch Mysteries,4524856,autoconfirmed,57451,1665,112,28,40574,11567096,13,1,1,17
11145,Fire,4523535,autoconfirmed,36654,6329,500,33,39878,11145,10,7,1,17
67516,Fourth International,532438,sysop,56405,1753,127,20,6541,67516,11,2,2,17
46365176,Call of Duty: Black Ops III,6738868,sysop,74085,1826,130,20,34478,46365176,19,2,2,17
18963754,Viscosity,9382102,sysop,75460,3698,548,46,60084,18963754,38,3,3,17
37650258,List of highest-grossing Indian films,43579777,extendedconfirmed,160306,9424,484,25,181435,37650258,31,7,3,17
10919134,Jozy Altidore,2537261,autoconfirmed,93948,3151,59,10,33533,10919134,8,17,3,17
10106,Earthquake,11557598,autoconfirmed,74736,5471,684,58,64321,10106,15,8,6,17
18514671,Roblox,10603884,extendedconfirmed,54420,3660,508,85,376921,18514671,40,10,6,17
10079827,Max Blumenthal,706742,extendedconfirmed,82861,1862,165,29,10137,10079827,1,11,6,17
675652,Rajput,3594628,extendedconfirmed,105258,6809,320,47,53067,675652,49,14,6,17
2685664,Sonic the Hedgehog (2006 video game),1119139,sysop,68550,10767,476,19,12182,2685664,39,13,10,17
59892,List of highest-grossing films,67497797,extendedconfirmed,315688,22281,944,157,327422,59892,40,68,12,17
100062,Super Mario 64,2126780,autoconfirmed,73972,4787,268,46,30955,100062,28,32,15,17
105922,King David Hotel bombing,825267,extendedconfirmed,54661,1795,178,20,8996,105922,4,0,0,18
11069849,Disappearance of Madeleine McCann,15604902,extendedconfirmed,166115,7200,423,57,116149,11069849,32,0,0,18
625894,François Bayrou,220088,unprotected,34012,538,36,3,1203,625894,4,1,1,18
1078340,Immortal Technique,2044228,autoconfirmed,20366,3693,209,8,17331,1078340,5,1,1,18
1164274,Claremont Graduate University,401824,autoconfirmed,18826,593,45,3,3325,1164274,11,1,1,18
367929,Israeli West Bank barrier,1677603,extendedconfirmed,143272,4270,314,16,7370,367929,34,1,1,18
514725,Nazi concentration camps,5725036,extendedconfirmed,43104,4007,379,39,40590,514725,15,4,1,18
3538069,Deepika Padukone,22504820,extendedconfirmed,148015,6510,491,18,188335,3538069,2,2,2,18
21491730,Judea,1523941,extendedconfirmed,30894,1326,250,30,15759,21491730,18,5,2,18
1084540,Ian Somerhalder,12497506,autoconfirmed,27804,4119,415,15,175416,1084540,4,4,4,18
45478592,Ukrah,17453,sysop,4458,404,25,50.79,172,45712800,12,11,7,18
4335354,Howard Webb,797312,sysop,44899,2515,70,8,12421,4335354,1,13,13,18
42089078,Zootopia,15235947,sysop,137754,5335,281,49,93353,42089078,41,22,14,18
12981647,Super Smash Bros. Brawl,1384373,sysop,94067,16009,1597,23,12257,12981647,109,31,16,18
25390847,Jeremy Lin,8821963,sysop,211819,3434,191,33,67885,25390847,10,27,17,18
17279743,Cartoon Network,6456090,sysop,95059,15298,600,75,118201,17279743,63,75,47,18
10157131,Diego Costa,7371353,autoconfirmed,107366,2543,93,13,72463,10157131,6,0,0,19
23306833,Gobi Desert,2875630,sysop,34917,2117,204,14,36128,23306833,16,0,0,19
11062,Friction,4128877,autoconfirmed,67235,3996,366,29,31384,11062,28,0,0,19
100196,Tim Westwood,1115033,autoconfirmed,15718,2898,90,50.79,12276,100196,4,1,1,19
403293,Chris Benoit,10376263,extendedconfirmed,98833,8761,728,17,144345,403293,25,1,1,19
268115,Ocelot,3755481,sysop,60155,2872,256,25,41575,268115,7,2,2,19
11481790,Nancy Grace,3099898,autoconfirmed,66576,3519,187,6,21438,11481790,9,3,3,19
237121,Tim Pawlenty,633577,sysop,111483,2484,121,9,5600,237121,16,3,3,19
1041577,Mark Henry,4262082,autoconfirmed,159564,6655,203,9,50795,1041577,7,6,4,19
19588,Mitochondrion,6617711,sysop,135369,5024,589,42,45386,19588,32,5,5,19
11370,FIFA World Cup,24249720,autoconfirmed,109202,9545,1211,96,921311,11370,35,58,12,19
723489,Miranda Cosgrove,10346632,sysop,50325,6020,508,45,165664,723489,9,20,13,19
1282180,Barelvi,852973,sysop,113818,5410,155,20,12719,1282180,30,154,20,19
718196,Albert Pujols,4363070,sysop,203115,8750,167,26,82988,718196,10,31,23,19
235589,Axolotl,7299984,sysop,38092,1911,353,46,195745,235589,12,37,27,19
2176142,2012_Summer_Olympics,6290265,sysop,150757,7466,493,48,751019,2176142,60,37,28,19
49872243,Gregorio Sciltian,8385,unprotected,2196,14,25,50.79,62,49872243,0,0,0,20
3320921,Susan Shwartz,17398,unprotected,5966,83,25,50.79,61,3320921,1,0,0,20
32073239,Janko Nilović,98258,unprotected,7824,137,25,50.79,1404,32073239,1,0,0,20
1567383,Satyananda Saraswati,258831,sysop,26280,866,62,8,3681,1567383,6,0,0,20
29044071,Cher Lloyd,2790557,extendedconfirmed,41680,3120,203,16,21279,29044071,12,0,0,20
10972664,Young Money Entertainment,3199524,autoconfirmed,52245,5239,186,22,32863,10972664,24,0,0,20
10843,Fruit,6609451,autoconfirmed,50739,3207,380,37,47867,10843,14,2,1,20
10999148,Pierce the Veil,1444229,autoconfirmed,51589,2238,115,5,16674,10999148,20,2,2,20
30343,Torah,5693919,sysop,61522,4770,980,86,58562,30343,27,8,5,20
19167764,Undergarment,1953274,sysop,65153,3113,277,25,21599,19167764,56,11,6,20
305010,Rahul Gandhi,8386913,extendedconfirmed,55491,4083,285,29,88574,305010,5,7,7,20
510764,Einsatzgruppen,2671883,extendedconfirmed,82704,2147,294,42,33974,510764,33,15,7,20
11039790,Animal,16162934,autoconfirmed,110876,7002,976,101,298557,11039790,33,13,9,20
4543,Blue,4103984,sysop,120967,6468,406,45,36829,4543,16,12,11,20
10906185,Gurjar,1587865,autoconfirmed,50640,4375,160,23,21668,10906185,19,19,11,20
2289648,Windows Vista,3619895,sysop,154114,14054,1343,45,39745,2289648,57,17,14,20
10841641,Antonio Arnaiz-Villena,18865,autoconfirmed,34276,582,34,5,86,10841641,1,0,0,21
2530989,Qizilbash,493832,sysop,42137,1868,221,11,7237,2530989,13,1,1,21
503193,Planned Parenthood,4595405,extendedconfirmed,133536,4367,336,32,19287,503193,14,3,3,21
11240,Flatulence,3129578,autoconfirmed,52069,5086,358,26,27907,11240,53,4,3,21
90050,Nefertiti,5518781,sysop,47431,3272,391,33,52802,90050,4,12,6,21
38428,Deer,5537425,sysop,86617,5832,334,23,57657,38428,21,8,8,21
620,Animal Farm,9507587,sysop,74610,6980,611,43,119001,620,36,18,12,21
10396793,The Holocaust,23659748,extendedconfirmed,232343,18861,2100,149,221229,10396793,75,28,14,21
530567,Bam Margera,8461552,sysop,46107,3114,252,15,269741,530567,6,44,26,21
1129697,Paper plane,1027496,autoconfirmed,32180,1951,102,7,9350,1129697,11,3,1,22
101970,Tinnitus,7352884,autoconfirmed,73018,3247,490,32,61064,101970,10,2,2,22
159548,Iain Duncan Smith,1728079,sysop,78037,2595,165,16,10591,159548,11,2,2,22
22079091,Rod Dreher,480374,sysop,64258,775,68,18,8429,22079091,3,3,3,22
21212,Nazi Germany,18578841,extendedconfirmed,193829,13256,1571,166,239890,21212,85,7,6,22
45311,Cultural Revolution,6193344,sysop,199921,4966,594,53,77141,45311,31,12,7,22
11250,Premier League,27553446,autoconfirmed,172331,14314,836,100,464928,11250,46,12,9,22
93149,Rashtriya Swayamsevak Sangh,6967163,extendedconfirmed,143965,5944,541,56,84724,93149,31,13,9,22
803754,Kargil War,7069041,extendedconfirmed,132577,4078,363,32,253230,803754,20,15,9,22
48816707,As'ad AbuKhalil,95153,extendedconfirmed,12367,576,76,17,800,48816707,11,0,0,23
10693894,Suicide Silence,1353387,autoconfirmed,54653,2623,99,12,10881,10693894,13,0,0,23
10958,Fossil,3283177,autoconfirmed,89153,2840,372,47,28598,10958,37,0,0,23
244180,1973_oil_crisis,3354167,extendedconfirmed,75480,2881,358,30,23274,244180,24,1,1,23
11415141,Masturbation,18762374,autoconfirmed,117706,8197,1401,83,190127,11415141,124,8,2,23
10636232,The Pussycat Dolls,6069596,autoconfirmed,125578,9392,551,18,71181,10636232,29,6,3,23
39669,Dengue fever,10508469,sysop,82183,3834,394,25,54760,39669,25,6,5,23
11188,French Revolution,18209513,autoconfirmed,162815,8793,1650,99,209380,11188,28,17,6,23
13395562,Abigail Breslin,8997565,sysop,52511,2927,312,29,204439,13395562,3,7,7,23
214049,Bagel,2687828,sysop,35413,3513,213,29,27375,214049,14,12,9,23
11091078,Dragon Ball,8815357,sysop,159824,5607,503,48,118888,11091078,113,13,10,23
27964,Sikhism,9462167,sysop,169390,10366,1135,62,92283,27964,35,15,13,23
10276064,Bill Nye,9994129,autoconfirmed,71248,4484,413,31,58055,10276064,18,0,0,24
1047970,Avenged Sevenfold,6539452,autoconfirmed,79083,11059,732,17,66550,1047970,30,1,1,24
343508,East Jerusalem,1346220,extendedconfirmed,130966,1671,239,32,9671,343508,15,3,2,24
25459,Rocky Mountains,5535875,sysop,48157,4712,352,36,52361,25459,19,3,3,24
60832,Hatshepsut,3133240,sysop,60793,5454,426,34,28774,60832,30,9,3,24
2696891,Charlotte's Web (2006 film),1178755,sysop,21954,1065,89,7,14454,2696891,1,4,4,24
11038318,Methamphetamine,12550508,autoconfirmed,135966,9745,978,64,123815,11038318,79,4,4,24
1038594,Ameesha Patel,4546163,autoconfirmed,56643,2360,88,2,58122,1038594,4,7,4,24
1573838,Birdman (rapper),4848897,sysop,36566,6752,202,17,42612,1573838,23,6,6,24
1024181,Carlos Tevez,6061062,autoconfirmed,115046,6545,139,9,83685,1024181,7,10,6,24
148703,Duran Duran,6156869,sysop,100107,5749,331,32,94510,148703,7,22,14,24
46216,Israeli–Palestinian conflict,9667702,extendedconfirmed,189273,8061,859,112,73087,46216,66,11,1,25
10772350,History,6784519,autoconfirmed,84329,6550,969,82,59445,10772350,31,5,4,25
11042,Fat,3373256,autoconfirmed,136355,5158,299,29,30150,11042,113,16,6,25
1291598,List of best-selling music artists,14398998,extendedconfirmed,328044,22049,1025,69,151244,1291598,32,114,6,25
18582230,Methane,4871391,sysop,62332,4131,396,41,35826,18582230,17,10,7,25
11315,Friends,29533499,autoconfirmed,178786,14248,1058,84,307101,11315,45,12,9,25
37398,The Walt Disney Company,14809007,sysop,137348,11253,1050,122,189240,37398,46,34,23,25
241405,State of Palestine,14085482,extendedconfirmed,118984,4404,635,138,150918,241405,37,1,1,26
19230789,Amun,2844497,sysop,34152,2030,401,41,30760,19230789,42,1,1,26
11299,Fox,6654314,autoconfirmed,38132,5051,388,28,61315,11299,18,2,2,26
10568,Association football,14845120,autoconfirmed,89957,10327,1344,98,255336,10568,57,2,2,26
102690,Adam Sandler,24993509,autoconfirmed,33952,6701,752,60,252176,102690,13,3,3,26
11447,Flag of the United States,13086559,autoconfirmed,124466,7300,624,66,130311,11447,65,4,3,26
105219,Cancer,11479660,autoconfirmed,177954,6477,1253,56,85726,105219,40,4,4,26
672766,Bangladesh Liberation War,3579902,extendedconfirmed,117406,4285,405,48,51880,672766,49,7,4,26
20423,Malaria,9195389,sysop,187588,6426,551,39,66131,20423,29,10,9,26
240390,Fernando Alonso,5058797,sysop,196880,5717,176,30,162874,240390,6,111,18,26
11185,Feminism,10416233,autoconfirmed,179447,9989,1306,82,85214,11185,21,5,5,27
24113,President of the United States,30980561,extendedconfirmed,155493,10688,1669,168,233559,24113,90,6,6,27
19230767,Odin,9624700,sysop,72786,4647,831,98,114695,19230767,56,17,8,27
29328,Six-Day War,9301478,extendedconfirmed,197347,6856,786,68,79463,29328,58,10,9,27
102490,Dell,8882397,sysop,136037,8484,516,32,63328,102490,40,11,9,27
21950,Khyber Pakhtunkhwa,2707278,sysop,107469,4740,209,22,50799,21950,107,27,15,27
321956,List of common misconceptions,6229998,sysop,375569,10719,1875,186,84512,321956,36,23,17,27
80103,Coldplay,13255097,sysop,182805,12834,1048,64,134628,80103,15,71,28,27
80777,Kurdistan,4564496,extendedconfirmed,61624,4592,422,41,47478,80777,39,0,0,28
40316,Kurdish languages,1238475,extendedconfirmed,42668,3240,249,26,19012,40316,25,2,1,28
15123,Israeli settlement,1558288,extendedconfirmed,213914,4932,355,46,12124,15123,21,5,4,28
25613,Racism,7605178,extendedconfirmed,181659,12723,1212,89,70458,25613,47,7,7,28
31988866,Mufaddal Saifuddin,602992,sysop,88838,3046,94,9,6449,31988866,11,9,8,28
17068,Kurds,6365724,extendedconfirmed,172230,8008,890,58,66527,17068,57,15,8,28
44132,Ramallah,1505129,extendedconfirmed,74146,1307,150,25,13891,44132,9,0,0,29
2006,Auschwitz concentration camp,12461562,extendedconfirmed,181812,5877,688,76,116802,2006,41,1,1,29
1117939,Fernando Torres,9325370,autoconfirmed,125476,10688,277,13,101289,1117939,4,3,1,29
3030955,Kashmir conflict,5054470,extendedconfirmed,325176,5866,415,29,34283,3030955,44,3,2,29
302602,Wolverine (character),10199055,sysop,170918,10743,788,32,52543,302602,24,9,2,29
38584582,Mandatory Palestine,3340555,extendedconfirmed,138691,3662,538,67,36784,38584582,11,3,3,29
12330092,Girls' Generation,8336903,sysop,173036,14382,491,37,87722,12330092,40,18,13,29
492331,Arab citizens of Israel,1405240,extendedconfirmed,222257,4974,310,35,14325,492331,35,1,1,30
322375,Phyllis Schlafly,4418334,sysop,53909,2315,213,16,25929,322375,9,2,2,30
4246,Bollywood,11163083,extendedconfirmed,169966,7015,488,20,83883,4246,39,3,2,30
38577,Hebron,1671859,extendedconfirmed,192018,3988,275,30,16312,38577,14,7,2,30
70101,National Rifle Association,4437634,sysop,185148,5405,446,49,17990,70101,23,5,5,30
7960202,Arab–Israeli conflict,2463074,extendedconfirmed,103338,6006,844,50,20537,7960202,42,7,5,30
36197,1948 Arab–Israeli War,4248694,extendedconfirmed,187689,6373,554,51,38665,36197,17,11,6,30
13076,Gordon Brown,5459768,sysop,138103,6884,393,36,51783,13076,15,8,8,30
21217,Native Americans in the United States,13941267,sysop,298655,13064,1431,121,151867,21217,52,30,17,30
17238662,Grenada,7689889,sysop,76457,3283,326,36,132503,17238662,16,30,18,30
51075331,2016_Nice_truck_attack,588590,sysop,106847,3746,209,33,18023,51075331,18,0,0,31
113746,Sean Penn,16640308,autoconfirmed,58268,3031,366,34,318061,113746,7,1,1,31
1031793,Didier Drogba,8161330,autoconfirmed,166191,7419,233,11,105140,1031793,7,1,1,31
65220,Nagorno-Karabakh,3139151,extendedconfirmed,66186,5202,349,31,24629,65220,48,1,1,31
10646,Food,7233617,autoconfirmed,110285,4709,552,44,92518,10646,22,3,1,31
1078,Antisemitism,8863293,autoconfirmed,257304,10888,1333,114,78572,1078,77,5,5,31
1127442,Mohammed Burhanuddin,377526,autoconfirmed,86424,2319,83,9,4071,1127442,6,12,9,31
45246,Korn,6770977,sysop,153864,14442,710,39,116579,45246,25,12,10,31
8242057,Blink-182,11085385,sysop,114747,16726,722,39,182898,8242057,29,15,11,31
302972,Old City (Jerusalem),1350722,extendedconfirmed,36613,1332,276,28,10306,302972,13,0,0,32
58568,Suez Crisis,7585527,extendedconfirmed,258740,4867,587,70,64204,58568,54,10,5,32
19729548,Millard Fillmore,4784194,sysop,104467,5199,269,39,48246,19729548,16,6,6,32
52726,Green Day,10795404,sysop,139378,14992,1128,55,147632,52726,30,19,17,32
11521084,Cassandra Clare,1738452,autoconfirmed,24702,719,108,6,18372,11521084,4,2,1,33
102724,Kyrgyz people,883195,autoconfirmed,42420,1194,131,18,17947,102724,24,2,2,33
1114732,Palestine (region),3191399,extendedconfirmed,111362,5726,766,53,23867,1114732,13,6,5,33
11127,Federal Bureau of Investigation,8977583,autoconfirmed,116756,4927,1005,88,82688,11127,46,10,6,33
25276055,Ariana Grande,56316780,extendedconfirmed,205230,9723,1478,144,515493,25276055,20,9,7,33
2110323,Rihanna,32156514,extendedconfirmed,220684,16804,1609,105,429600,2110323,35,13,9,33
21736,Nazi Party,8369078,extendedconfirmed,116842,5510,724,80,118752,21736,42,2,2,34
84508,Josef Mengele,13728277,sysop,54650,6398,685,56,169105,84508,19,5,5,34
6844407,Selena Gomez,35149331,extendedconfirmed,162079,10305,1695,91,382551,6844407,19,7,6,34
15777,Joseph Goebbels,10854061,sysop,96274,5967,573,67,160904,15777,31,22,20,34
371248,Prussia,10727917,sysop,88592,3792,595,58,105187,371248,20,4,4,35
12520860,Demi Lovato,30892328,extendedconfirmed,179727,9111,1144,105,261855,12520860,26,23,10,35
1150748,Bhagat Singh,11610637,autoconfirmed,98097,6129,417,34,107582,1150748,14,12,12,35
271409,Northern Cyprus,3248546,extendedconfirmed,138859,7808,438,46,61088,271409,45,1,1,36
101942,Child labour,5902428,autoconfirmed,132612,4876,262,12,30261,101942,23,3,2,36
10024,MDMA,14237182,autoconfirmed,138694,10888,851,75,119638,10024,50,8,5,36
21615,Nostradamus,8817188,sysop,49654,6560,857,45,85151,21615,32,8,8,36
9356,El Salvador,7709328,sysop,145949,10490,440,45,112688,9356,21,10,8,36
28504,San Diego,7708816,sysop,194827,7990,566,56,79239,28504,38,12,9,36
17020605,John Cabot,2516672,sysop,53549,6664,272,30,13668,17020605,9,3,3,37
13913,Hamas,7765224,extendedconfirmed,349173,11577,1151,104,57297,13913,34,10,7,37
20609622,Babylon,9908049,sysop,85375,3798,869,79,126651,20609622,14,16,9,37
11217925,Paris Hilton,17034004,autoconfirmed,216742,13271,978,44,308139,11217925,30,13,10,37
56615,Bangkok,7112235,sysop,168444,8213,392,46,68076,56615,47,29,14,37
24324,Palestine Liberation Organization,2348609,extendedconfirmed,73628,3188,329,32,28541,24324,19,1,1,38
24093,Palestinian National Authority,1401722,extendedconfirmed,136761,2761,283,34,12341,24093,21,1,1,38
1038,Aarhus,1592884,autoconfirmed,201271,3818,121,11,15829,1038,14,3,2,38
13919,Hezbollah,7518738,extendedconfirmed,233795,11031,1414,60,67668,13919,47,6,6,38
1092923,Google,77682904,autoconfirmed,198008,12412,3742,195,1467415,1092923,66,17,10,38
21021,Mecca,8293003,sysop,100514,7084,607,62,87662,21021,35,27,15,38
169941,Merle Haggard,6425836,sysop,102126,2359,217,18,50465,169941,6,2,2,39
23267,Palestinians,3589878,extendedconfirmed,207288,8392,526,44,29219,23267,34,6,4,39
11461,Francis Crick,1933933,autoconfirmed,109270,3654,311,22,15394,11461,6,3,3,40
13394,Honduras,7070874,extendedconfirmed,123182,7373,399,38,84083,13394,15,12,3,40
44112,John Dalton,2985428,sysop,44337,4430,266,35,15371,44112,10,4,4,40
19323,Middle East,10065592,extendedconfirmed,70768,4510,698,55,118165,19323,28,12,6,40
28249265,Bitcoin,39952739,extendedconfirmed,211994,16641,1822,200,362367,28249265,53,9,8,41
34276,Yom Kippur War,6901644,extendedconfirmed,272645,6318,696,51,70098,34276,61,11,10,41
145422,Joe Biden,65254841,extendedconfirmed,301654,9612,1231,374,603082,145422,117,49,28,41
25869317,Mercosur,1770104,unprotected,90427,1785,194,20,12488,25869317,18,0,0,42
18945005,Akbar,10650603,extendedconfirmed,143249,6931,467,32,169691,18945005,33,4,4,42
43243199,2014_Gaza_War,234813,extendedconfirmed,297731,7458,323,33,6326,43243199,47,5,4,42
649861,Muhammad ibn Musa al-Khwarizmi,1830220,sysop,65770,3996,542,34,21028,649861,93,8,7,42
34484,Zionism,8203882,extendedconfirmed,184955,9074,1326,100,62882,34484,24,5,5,43
197522,B. R. Ambedkar,17698298,extendedconfirmed,120147,6296,627,51,234180,197522,31,11,8,43
11033,Frederick Douglass,11595924,autoconfirmed,160333,4460,750,73,74290,11033,17,15,10,43
25428,Roman Polanski,19258666,sysop,144522,6425,553,47,329646,25428,11,11,11,43
53395,Harry Houdini,9266340,sysop,105265,8167,616,49,93434,53395,18,21,12,43
1095706,Jesus,25835526,autoconfirmed,258709,30929,3409,229,296954,1095706,115,41,23,43
33209,West Bank,5491006,extendedconfirmed,182283,4458,501,44,42631,33209,34,1,1,44
48569,Shimon Peres,3010325,extendedconfirmed,86237,2614,271,20,22987,48569,7,12,8,44
30027,Tycho Brahe,2770390,sysop,92799,4328,349,40,24552,30027,13,9,8,45
202354,Vietnam,20546409,extendedconfirmed,313500,10462,1221,100,236910,202354,46,9,8,45
11125639,Turkey,27534434,autoconfirmed,265181,21310,1642,152,415798,11125639,36,20,16,45
444222,Narendra Modi,31206468,extendedconfirmed,277937,10161,1096,107,318940,444222,40,24,16,45
7515865,Golan Heights,3830876,extendedconfirmed,146544,4407,418,33,28704,7515865,19,2,2,46
34289,Yasser Arafat,4785003,extendedconfirmed,129643,7292,777,45,48357,34289,27,2,2,46
11508,Francis Drake,5427619,autoconfirmed,83276,5983,407,44,52815,11508,9,12,5,47
5520,Cocos (Keeling) Islands,1979816,sysop,72535,1530,193,22,25709,5520,68,9,6,47
12787,Geoffrey Chaucer,4448068,sysop,69387,3118,580,63,46440,12787,13,15,4,48
159275,Emily Dickinson,6958642,sysop,88671,5079,445,41,72591,159275,11,4,4,49
4848272,Donald Trump,510613501,extendedconfirmed,425662,36545,3275,452,611000,4848272,111,146,43,49
4637590,Bob Dylan,24756098,sysop,247194,16921,1412,100,262627,4637590,34,22,12,50
2983,Austria-Hungary,8269063,sysop,254371,6108,620,94,114050,2983,50,56,14,50
32917,Walt Disney,23262570,extendedconfirmed,105640,7739,1268,74,244335,32917,20,3,2,51
25955086,Jews,13213285,extendedconfirmed,175662,10396,1613,124,124118,25955086,30,3,3,51
14995351,Michael Jackson,53078122,extendedconfirmed,243296,31566,3060,178,643500,14995351,74,20,11,51
18934,Muhammad,23728902,extendedconfirmed,188209,20630,2550,166,269637,18934,98,19,12,52
8087628,Egypt,19201917,extendedconfirmed,239433,10894,1542,96,223183,8087628,41,4,3,53
170691,Peru,10747907,sysop,144269,11811,886,71,155359,170691,19,48,30,53
11015252,Vladimir Lenin,15715202,autoconfirmed,192837,11556,1348,112,198313,11015252,43,7,4,54
10410626,John Adams,14860198,autoconfirmed,178606,10719,741,69,149209,10410626,22,11,6,54
20238168,14th_Dalai_Lama,7974027,sysop,178597,6762,635,54,110268,20238168,42,28,12,54
14533,India,72957075,extendedconfirmed,305398,26157,4750,297,1213732,14533,47,19,14,55
10979,Franklin D. Roosevelt,33774785,autoconfirmed,185991,11321,1573,138,341510,10979,43,10,7,56
100127,Florence Nightingale,8121102,autoconfirmed,117589,6338,578,43,68157,100127,9,11,2,57
19291,Morocco,17488785,extendedconfirmed,147377,9043,799,86,214109,19291,43,3,3,57
26033941,Julian Assange,15564742,sysop,243609,10194,1043,121,130889,26033941,23,66,25,58
10823,Frédéric Chopin,6970088,autoconfirmed,121371,11176,708,78,69614,10823,38,0,0,59
5042481,Cuba,16009319,sysop,224312,13902,1174,91,463060,5042481,23,128,65,59
2731583,Adolf Hitler,56231743,extendedconfirmed,171069,27067,3281,223,624006,2731583,55,33,14,61
23235,Pakistan,31464013,extendedconfirmed,390147,19139,1726,116,445637,23235,89,34,18,61
9334,Ecuador,9044931,sysop,185520,11373,466,57,99437,9334,24,22,16,63
16043,Jerusalem,14058071,extendedconfirmed,269743,12156,1406,96,120049,16043,63,5,5,64
3966054,Mexico,24314642,extendedconfirmed,317225,15575,1426,110,299475,3966054,51,31,12,64
9282173,Israel,36833818,extendedconfirmed,361594,20329,2470,228,327091,9282173,44,10,4,71
21490957,Thomas Aquinas,5713840,sysop,126871,6019,897,83,54228,21490957,41,4,4,78
3794087,EGABTR,9554,unprotected,4321,19,25,50.79,70,3794087,0,0,0,78
10913591,Terpsitone,29299,unprotected,1102,30,25,50.79,247,10913591,0,0,0,78
22836451,Sopwith Grasshopper,14292,unprotected,2955,22,25,50.79,89,22836451,0,0,0,78
25601121,Canadian Unitarians for Social Justice,9971,unprotected,2245,27,25,50.79,17,25601121,0,0,0,78
26629652,CUWS,2431,unprotected,224,7,25,50.79,11,26629652,0,0,0,78
30318916,1956 Emperor's Cup,7683,unprotected,1470,8,25,50.79,3,30318916,0,0,0,78
31858060,2011_MotoGP_Season,504,sysop,54,103,25,50.79,1,31858060,0,0,0,78
31867818,The Square Circle,11820,unprotected,4629,22,25,50.79,168,31867818,0,0,0,78
34484872,2012_MotoGP_Season,2400,sysop,54,2,25,50.79,8,34484872,0,0,0,78
35742298,2012_Stanley_Cup_final,413,sysop,37,2,25,50.79,0,35742298,0,0,0,78
40050862,Bard Rasun,804,unprotected,122,2,25,50.79,0,40050862,0,0,0,78
44574268,2011_Libyan_Civil_War,594202,sysop,52,4,308,15,5843,44574268,0,0,0,78
45223499,Julie Foucher,126553,unprotected,12539,49,25,50.79,690,45223499,0,0,0,78
48741993,2015_Baltimore_unrest,1527,sysop,53,1,63,30,3,48741993,0,0,0,78
48750897,Favonian,3345,sysop,45,5,25,50.79,26,48750897,0,0,0,78
28778424,William Richmond (physician),2353,unprotected,59,1,25,50.79,1,51422431,0,0,0,78
10039332,Consol Energy Center,219824,autoconfirmed,46,1,25,50.79,398,51862330,0,0,0,78
52131997,2016_Jerusalem_shooting,1285,extendedconfirmed,60,1,25,50.79,2,52131997,0,0,0,78
18342008,"Carlos, Duke of Parma",241878,unprotected,59,1,25,50.79,2424,52782565,0,0,0,78
11236,Fart,825646,autoconfirmed,24,5,163,5,2123,52797082,0,0,0,78
53159627,2015_Gush_Etzion_Junction_shooting,10617,extendedconfirmed,63,1,25,50.79,13,53159627,0,0,0,78
4176378,Joaquín Guzmán,7198866,sysop,58,1,209,57,4706,53266713,0,0,0,78
42077406,Ministry of Ports and Shipping (Pakistan),9716,unprotected,59,2,25,50.79,1,53652369,0,0,0,78
2337719,List of Total Nonstop Action Wrestling personnel,2296048,sysop,65,3,137,9,602,53703583,0,0,0,78
53708429,2017_Umm_al-Hiran_attack,3128,extendedconfirmed,68,2,25,50.79,1,53708429,0,0,0,78
54017850,2017_Stanley_Cup_final,779,sysop,69,2,25,50.79,0,54017850,0,0,0,78
10445381,Calvin Goddard (ballistics),53002,autoconfirmed,52,1,25,50.79,23,55469087,0,0,0,78
8041064,2wo,79464,unprotected,47,1,25,50.79,294,56546778,0,0,0,78
48373232,2013 Tajik Cup,4675,unprotected,50,1,25,50.79,4,56675760,0,0,0,78
56995579,2017_Parsons_Green_bombing,129174,sysop,58,2,44,22,17,56995579,0,0,0,78
56995590,2018_Land_Day_massacre,1785,extendedconfirmed,63,9,25,50.79,0,56995590,0,0,0,78
57048238,2018_Land_Day_incidents,48414,extendedconfirmed,63,6,25,50.79,0,57048238,0,0,0,78
57390538,2018_Stanley_Cup_final,148,sysop,69,2,25,50.79,0,57390538,0,0,0,78
1205872,Halo (series),4345535,sysop,47,1,443,43,12080,57657533,0,0,0,78
57894402,2018_Gaza_border_clashes,920,extendedconfirmed,63,3,98,29,1,57894402,0,0,0,78
57896178,1948_Palestinian_expulsion_from_Lydda_and_Ramle,693,extendedconfirmed,75,1,154,41,0,57896178,0,0,0,78
57944662,2018_Gaza-Israel_conflict,3931,extendedconfirmed,63,4,25,50.79,6,57944662,0,0,0,78
58042748,1919_Austrian_Constitutional_Assembly_election,2779,sysop,74,3,25,50.79,78,58042748,0,0,0,78
58155879,1947-49_Palestine_war,2328,extendedconfirmed,56,2,190,50,85,58155879,0,0,0,78
10407205,Days of Our Lives cast members,2356364,autoconfirmed,69,1,102,57,890,59351110,0,0,0,78
11578887,General Hospital cast members,1564023,autoconfirmed,68,1,112,65,628,59351114,0,0,0,78
10816091,BloodRayne (franchise),78732,autoconfirmed,41,2,25,50.79,49,59520441,0,0,0,78
46456843,EyeOpener (U.S. TV program),36453,unprotected,63,2,25,50.79,16,59817878,0,0,0,78
49731332,30th Japan Academy Prize,9617,unprotected,60,1,25,50.79,3,61909972,0,0,0,78
62034133,2019_Rojava_offensive,139828,sysop,78,1,47,47,50,62034133,0,0,0,78
10160866,List of Canadian inventions,504283,autoconfirmed,74,1,25,50.79,58,62162486,0,0,0,78
3624191,Palestinian,93381,extendedconfirmed,26,3,80,7,372,67547457,0,0,0,78
1058843,Loge,38318,autoconfirmed,967,108,25,50.79,220,1058843,1,0,0,78
2125222,Lautari,4085,unprotected,134,5,25,50.79,11,2125222,1,0,0,78
4257131,Melissopetra,1543,unprotected,292,7,25,50.79,1,4257131,1,0,0,78
12131053,Archibald Currie (Canadian politician),3964,unprotected,2091,18,25,50.79,8,12131053,1,0,0,78
14987042,Fayette Township,1711,unprotected,452,6,25,50.79,2,14987042,1,0,0,78
22269627,Pieri's formula,15032,unprotected,1847,15,25,50.79,123,22269627,1,0,0,78
29084654,Diamond Ranch,2084,unprotected,367,3,25,50.79,1,29084654,1,0,0,78
29206249,Justice Burke,2851,unprotected,1130,19,25,50.79,6,29206249,1,0,0,78
42835171,Cat Creek,5859,extendedconfirmed,413,45,25,50.79,15,42835171,1,0,0,78
44212120,2015_BWF_Super_Series,143773,sysop,21613,431,25,50.79,269,44212120,1,0,0,78
44250125,Dolu,10927,unprotected,456,10,25,50.79,21,44250125,1,0,0,78
44552032,2016_BWF_Super_Series,246054,sysop,21513,547,25,50.79,377,44552032,1,0,0,78
49654498,Celeste Kaplan,5374,unprotected,5643,39,25,50.79,15,49654498,1,0,0,78
6728128,Homespun,20983,unprotected,1223,14,25,50.79,114,52377967,1,0,0,78
27222762,Tsutomu Matsuda,3481,unprotected,208,4,25,50.79,2,57649407,1,0,0,78
9582851,Dáinn (Norse dwarf),43200,unprotected,2462,21,25,50.79,659,9582851,2,0,0,78
18060536,"Toéssin, Bam",1303,unprotected,320,3,25,50.79,0,18060536,2,0,0,78
19196206,Douchebag,393472,extendedconfirmed,351,203,65,15,1407,19196206,2,0,0,78
22989599,Kempf,12456,unprotected,403,18,25,50.79,104,22989599,2,0,0,78
43360752,Jacob Jacobs,5248,unprotected,258,6,25,50.79,56,43360752,2,0,0,78
1104035,Boob,611925,autoconfirmed,1153,237,37,7,5560,1104035,3,0,0,78
3732486,Quantum mirage,36815,unprotected,4927,63,25,50.79,222,3732486,3,0,0,78
7959206,Espagne,49321,unprotected,534,15,25,50.79,274,7959206,3,0,0,78
11330163,List of dubstep musicians,323522,autoconfirmed,17401,3939,60,50.79,2315,11330163,3,0,0,78
14303581,PRKCQ,32057,unprotected,19033,75,25,50.79,141,14303581,3,0,0,78
2243595,Sati,138747,sysop,1864,195,25,50.79,641,2243595,4,0,0,78
33226559,Kim Dae-jin,2578,unprotected,159,8,25,50.79,1,33226559,4,0,0,78
61601471,2019_Beirut_drone_crash,20610,extendedconfirmed,8813,148,25,50.79,148,61601471,5,0,0,78
113525,Dick,806461,autoconfirmed,1505,1102,103,17,8702,113525,6,0,0,78
1034769,Ugly,146342,autoconfirmed,1590,426,34,2,576,1034769,6,0,0,78
1103839,List of Freemasons,1671146,autoconfirmed,2319,4734,199,13,14562,1103839,6,0,0,78
11089416,Test,46190476,autoconfirmed,2608,1174,136,16,25522,11089416,8,0,0,78
43101951,2016_Taiwanese_general_election,23126,sysop,5575,749,44,2,250,43101951,13,0,0,78
222564,ISO 3166-2:CA,271376,unprotected,4332,123,25,50.79,1632,222564,14,0,0,78
10468424,Blah,101717,autoconfirmed,2083,422,97,5,315,10468424,16,0,0,78
15580374,Main Page,38902600027,sysop,3508,4247,116850,5592,165754137,15580374,57,0,0,78
5482190,Dan Sikes,28302,unprotected,13221,123,25,50.79,182,5482190,0,1,1,78
1017610,Dido (disambiguation),84719,autoconfirmed,1648,171,82,8,937,1017610,1,1,1,78
40792858,2013–14 MŠK Žilina season,3325,unprotected,4803,11,25,50.79,9,40792858,3,1,1,78
23943,Palestine,4703470,extendedconfirmed,3540,1799,695,27,9971,23943,25,1,1,78
14531947,Politics of Anhui,44043,unprotected,3579,64,25,50.79,35,14531947,3,2,1,78
22946653,Shraddha Kapoor,12873852,extendedconfirmed,101189,4730,253,10,105317,22946653,3,2,2,78
46945,2013,1369235,sysop,58954,5337,177,17,6957,46945,57,6,5,78
48630,2014,1661173,sysop,57444,5838,170,21,7753,48630,21,17,6,78
11014515,List of ethnic slurs,12172990,autoconfirmed,209620,14624,3809,99,284190,11014515,114,18,14,78
