page_title,view_count,protection_level,timestamp
(I Only Know Him) In The Dark,698,,2021-08-18T21:42:43.217712
*NSYNC,151861,,2021-08-18T21:42:43.297064
100 Players Who Shook The Kop,84274,,2021-08-18T21:42:43.366582
14 MARATHA LI,660,,2021-08-18T21:42:43.429855
1804 Squadron ATC,1352,,2021-08-18T21:42:43.503059
1984 Sikh genocide,5082,,2021-08-18T21:42:43.568643
2006 Israel-Lebanon conflict,74619,,2021-08-18T21:42:43.651827
2008 Beijing Drum Tower incident during the Olympic Games,444,,2021-08-18T21:42:43.723447
"2008 Chatsworth, California train collision",770,,2021-08-18T21:42:43.796206
2008 Chatsworth Metrolink collision,1023,,2021-08-18T21:42:43.864969
2008 Summer Olympics Opening Ceremony,26357,,2021-08-18T21:42:43.954534
2008 Summer Olympics medal count,3560,,2021-08-18T21:42:44.026428
2009 Honduran crisis,651,,2021-08-18T21:42:44.088651
2009 Tampa Bay Devil Rays season,864,,2021-08-18T21:42:44.158203
2010 Cumbria Shootings,309,,2021-08-18T21:42:44.236008
2010 Tampa Bay Devil Rays season,590,,2021-08-18T21:42:44.315944
2011 MotoGP Season,504,,2021-08-18T21:42:44.390344
2012 MotoGP Season,2400,,2021-08-18T21:42:44.460520
2012 Stanley Cup Final,4888,,2021-08-18T21:42:44.532889
2013 Stanley Cup Final,6154,,2021-08-18T21:42:44.604291
2013 Stanley Cup finals,1433,,2021-08-18T21:42:44.674774
2014 Stanley Cup Final,8727,,2021-08-18T21:42:44.746846
2014 Stanley Cup finals,851,,2021-08-18T21:42:44.815313
2015 Semenyih helicopter crash,4619,,2021-08-18T21:42:44.882123
2015 Stanley Cup Final,4571,,2021-08-18T21:42:44.951538
2015 Stanley Cup finals,1238,,2021-08-18T21:42:45.022002
2016 Stanley Cup Final,7557,,2021-08-18T21:42:45.102799
2016 Stanley Cup finals,1015,,2021-08-18T21:42:45.168877
2017 Formula One Season,21189,,2021-08-18T21:42:45.250806
2017 Stanley Cup Final,2876,,2021-08-18T21:42:45.315258
2018 George Tooke Shield,21743,,2021-08-18T21:42:45.384227
2018 Stanley Cup Final,3776,,2021-08-18T21:42:45.452549
2019 Stanley Cup Final,2692,,2021-08-18T21:42:45.518806
2girls1cup,9463,,2021-08-18T21:42:45.591004
(I Only Know Him) In The Dark,698,,2021-08-18T21:43:35.668081
*NSYNC,151861,,2021-08-18T21:43:35.735761
100 Players Who Shook The Kop,84274,,2021-08-18T21:43:35.926591
14 MARATHA LI,660,,2021-08-18T21:43:35.998654
1804 Squadron ATC,1352,,2021-08-18T21:43:36.191825
1984 Sikh genocide,5082,,2021-08-18T21:43:36.263524
2006 Israel-Lebanon conflict,74619,,2021-08-18T21:43:36.337963
2008 Beijing Drum Tower incident during the Olympic Games,444,,2021-08-18T21:43:36.406935
"2008 Chatsworth, California train collision",770,,2021-08-18T21:43:36.488177
2008 Chatsworth Metrolink collision,1023,,2021-08-18T21:43:36.559442
2008 Summer Olympics Opening Ceremony,26357,,2021-08-18T21:43:36.628184
2008 Summer Olympics medal count,3560,,2021-08-18T21:43:36.697338
2009 Honduran crisis,651,,2021-08-18T21:43:36.762825
2009 Tampa Bay Devil Rays season,864,,2021-08-18T21:43:36.829347
2010 Cumbria Shootings,309,,2021-08-18T21:43:36.897594
2010 Tampa Bay Devil Rays season,590,,2021-08-18T21:43:36.967601
2011 MotoGP Season,504,,2021-08-18T21:43:37.057282
2012 MotoGP Season,2400,,2021-08-18T21:43:37.131838
2012 Stanley Cup Final,4888,,2021-08-18T21:43:37.214218
2013 Stanley Cup Final,6154,,2021-08-18T21:43:37.289371
2013 Stanley Cup finals,1433,,2021-08-18T21:43:37.359753
2014 Stanley Cup Final,8727,,2021-08-18T21:43:37.434683
2014 Stanley Cup finals,851,,2021-08-18T21:43:37.506142
2015 Semenyih helicopter crash,4619,,2021-08-18T21:43:37.573016
2015 Stanley Cup Final,4571,,2021-08-18T21:43:37.651301
2015 Stanley Cup finals,1238,,2021-08-18T21:43:37.717101
2016 Stanley Cup Final,7557,,2021-08-18T21:43:37.784995
2016 Stanley Cup finals,1015,,2021-08-18T21:43:37.858657
2017 Formula One Season,21189,,2021-08-18T21:43:37.931568
2017 Stanley Cup Final,2876,,2021-08-18T21:43:38.029568
2018 George Tooke Shield,21743,,2021-08-18T21:43:38.104581
2018 Stanley Cup Final,3776,,2021-08-18T21:43:38.176932
2019 Stanley Cup Final,2692,,2021-08-18T21:43:38.240752
2girls1cup,9463,,2021-08-18T21:43:38.314206
(I Only Know Him) In The Dark,698,,2021-08-18T21:45:02.068485
*NSYNC,151861,,2021-08-18T21:45:02.141610
100 Players Who Shook The Kop,84274,,2021-08-18T21:45:02.213848
14 MARATHA LI,660,,2021-08-18T21:45:02.278496
1804 Squadron ATC,1352,,2021-08-18T21:45:02.350812
1984 Sikh genocide,5082,,2021-08-18T21:45:02.427229
2006 Israel-Lebanon conflict,74619,,2021-08-18T21:45:02.497976
2008 Beijing Drum Tower incident during the Olympic Games,444,,2021-08-18T21:45:02.569201
"2008 Chatsworth, California train collision",770,,2021-08-18T21:45:02.639743
2008 Chatsworth Metrolink collision,1023,,2021-08-18T21:45:02.705158
2008 Summer Olympics Opening Ceremony,26357,,2021-08-18T21:45:02.772108
2008 Summer Olympics medal count,3560,,2021-08-18T21:45:02.843407
2009 Honduran crisis,651,,2021-08-18T21:45:02.913365
2009 Tampa Bay Devil Rays season,864,,2021-08-18T21:45:02.983875
2010 Cumbria Shootings,309,,2021-08-18T21:45:03.062668
2010 Tampa Bay Devil Rays season,590,,2021-08-18T21:45:03.131222
2011 MotoGP Season,504,,2021-08-18T21:45:03.198549
2012 MotoGP Season,2400,,2021-08-18T21:45:03.263899
2012 Stanley Cup Final,4888,,2021-08-18T21:45:03.338938
2013 Stanley Cup Final,6154,,2021-08-18T21:45:03.417628
2013 Stanley Cup finals,1433,,2021-08-18T21:45:03.485449
2014 Stanley Cup Final,8727,,2021-08-18T21:45:03.553578
2014 Stanley Cup finals,851,,2021-08-18T21:45:03.619332
2015 Semenyih helicopter crash,4619,,2021-08-18T21:45:03.689792
2015 Stanley Cup Final,4571,,2021-08-18T21:45:03.761265
2015 Stanley Cup finals,1238,,2021-08-18T21:45:03.836458
2016 Stanley Cup Final,7557,,2021-08-18T21:45:03.904372
2016 Stanley Cup finals,1015,,2021-08-18T21:45:03.971933
2017 Formula One Season,21189,,2021-08-18T21:45:04.055048
2017 Stanley Cup Final,2876,,2021-08-18T21:45:04.123306
2018 George Tooke Shield,21743,,2021-08-18T21:45:04.192049
2018 Stanley Cup Final,3776,,2021-08-18T21:45:04.266761
2019 Stanley Cup Final,2692,,2021-08-18T21:45:04.335163
2girls1cup,9463,,2021-08-18T21:45:04.405855
32%2F16 bit C programming,608,,2021-08-18T21:45:04.475337
404 (error message),579,,2021-08-18T21:45:05.099331
404 Error,10310,,2021-08-18T21:45:06.168417
404 File Not Found,1843,,2021-08-18T21:45:06.983812
404 Not Found,6038,,2021-08-18T21:45:08.037909
404 Page Not Found,1718,,2021-08-18T21:45:08.862775
4 Stroke Internal Combustion Engine,1269,,2021-08-18T21:45:09.674238
50%2F50 Twin,13655,,2021-08-18T21:45:10.647392
5 Hour Energy,4387,,2021-08-18T21:45:11.505870
7 Day Theory,4409,,2021-08-18T21:45:12.357676
808s & Heartbreak (Kanye West album),1040,,2021-08-18T21:45:13.150397
808s and Heartbreak,21061,,2021-08-18T21:45:14.223967
89.1 Ken's FM,599,,2021-08-18T21:45:14.867038
9%2F11 domestic complicity conspiracy theories,3751,,2021-08-18T21:45:15.919174
A.C.M.,1657,,2021-08-18T21:45:16.751528
A. Scott Connelly,2994,,2021-08-18T21:45:17.781722
ACE Flight 22,1920,,2021-08-18T21:45:18.656430
AGENDA,1893,,2021-08-18T21:45:19.514228
AJIO,217612,,2021-08-18T21:45:20.600629
AP.9,2431,,2021-08-18T21:45:21.211260
AP.9 (rapper),8004,,2021-08-18T21:45:22.242140
API (redirects and miscellaneous),114,,2021-08-18T21:45:22.556730
ARTICLE,3728,,2021-08-18T21:45:23.607500
ASIO File,2904,,2021-08-18T21:45:24.483675
AT&T Inc.,327128,,2021-08-18T21:45:25.684709
"A Girl, A Bottle, A Boat",7465,,2021-08-18T21:45:26.502452
A Girl Like Me (Rihanna album),12213,,2021-08-18T21:45:27.639961
A Human Body,5357,,2021-08-18T21:45:28.650295
A Message,4646,,2021-08-18T21:45:29.685779
A Personal Appeal,628,,2021-08-18T21:45:30.313343
Abdullah bin Abdul Aziz Al Saud,75289,,2021-08-18T21:45:31.393215
Abhilasha Jeyarajah,1378,,2021-08-18T21:45:32.236200
Abridged series,2167,,2021-08-18T21:45:33.067412
Accession of Crimea to the Russian Federation,33806,,2021-08-18T21:45:34.161021
Adam Foroush,1386,,2021-08-18T21:45:34.972275
Adam Jones (football),4740,,2021-08-18T21:45:36.026391
Adam Peter Lanza,6677,,2021-08-18T21:45:37.052707
Add Me,10987,,2021-08-18T21:45:38.059242
Adderbury Park F.C.,2688,,2021-08-18T21:45:38.865697
Adel al-Jubeir assassination plot,12644,,2021-08-18T21:45:39.932663
Administrative republic,7715,,2021-08-18T21:45:40.979831
Admiral DeGill,479,,2021-08-18T21:45:41.594454
Adrianna,5733,,2021-08-18T21:45:42.585007
Adytum,7638,,2021-08-18T21:45:43.653420
Aelita Schaeffer,3521,,2021-08-18T21:45:44.695109
Aeris Gainsborough,6528,,2021-08-18T21:45:45.699932
Aggrotech,113054,,2021-08-18T21:45:46.968295
Agnostic,2616227,,2021-08-18T21:45:48.081736
Ahmadoba,549,,2021-08-18T21:45:48.575539
Ahren Stringer,6492,,2021-08-18T21:45:49.691320
Ahwaz,54470,,2021-08-18T21:45:50.863713
Ain't Nobody (Clare Maguire song),4395,,2021-08-18T21:45:51.937358
Air Nomads,28969,,2021-08-18T21:45:53.033008
Akari Hinomoto,1694,,2021-08-18T21:45:53.871199
Al Gore III,16989,,2021-08-18T21:49:31.993349
Al Mahbes,16338,,2021-08-18T21:49:33.101702
Al Yankovic,28941,,2021-08-18T21:49:34.221940
Alcatraz,337933,,2021-08-18T21:49:35.395556
Alcohol free beer,3995,,2021-08-18T21:49:36.427453
Alexis Grace,8394,,2021-08-18T21:49:37.484909
Alexis Grace (American singer),1510,,2021-08-18T21:49:38.398088
Alfred Matthew Yankovic,3176,,2021-08-18T21:49:39.415928
Alfred Yankovic,2358,,2021-08-18T21:49:40.292592
Alga,137044,,2021-08-18T21:49:41.499136
Ali Rahbari,28485,,2021-08-18T21:49:42.681836
Alicia Loren,3416,,2021-08-18T21:49:43.427948
Alien (popular culture),1491,,2021-08-18T21:49:44.237417
Alissa,9627,,2021-08-18T21:49:45.324458
Alonzo Holt,9418,,2021-08-18T21:49:46.398888
AlphaBay Market,116909,,2021-08-18T21:49:47.522156
Alpha Cookson Electronics,764,,2021-08-18T21:49:48.163019
Amala ayurvedic hospital & research centre,618,,2021-08-18T21:49:48.789694
Amanda Jiroux,1021,,2021-08-18T21:49:49.609977
American Bully (dog),2797,,2021-08-18T21:49:50.572668
American Sniper (film) controversies,6918,,2021-08-18T21:49:51.547158
American Telephone & Telegraph Company,80549,,2021-08-18T21:49:52.660254
American culture,171542,,2021-08-18T21:49:53.876363
Ammu,18931,,2021-08-18T21:49:54.693653
Anal stretching,8879,,2021-08-18T21:49:55.761938
Anastasia Date,4228,,2021-08-18T21:49:56.832983
Anatolii Alexeevitch Karatsuba,13541,,2021-08-18T21:49:57.835528
Ancient Canaan,1865,,2021-08-18T21:49:58.670609
Ancient China,292200,,2021-08-18T21:49:59.832461
Andreas Lubitz,66439,,2021-08-18T21:50:00.978551
Andrew Lowe,12719,,2021-08-18T21:50:02.069923
Andrew Speaker,9245,,2021-08-18T21:50:03.215839
Angel - angelus,877,,2021-08-18T21:50:04.034902
Angela Beesley Starling,9596,,2021-08-18T21:50:05.109128
Angela Starling,2832,,2021-08-18T21:50:05.947735
Angelika Kluk,7275,,2021-08-18T21:50:07.007364
Anglo-Spanish War (1779-83),1606,,2021-08-18T21:50:07.821429
Anglo-Spanish War (1779â€“83),1,,2021-08-18T21:50:08.116201
Animal experimentation,37226,,2021-08-18T21:50:09.268120
Anjuman Serfaroshan-e-Islam,1493,,2021-08-18T21:50:10.094221
Ankit Love,40661,,2021-08-18T21:50:10.978730
Ann Copland,4348,,2021-08-18T21:50:11.890064
Annabeth Chase,247969,,2021-08-18T21:50:12.998675
Annie Wilson,51873,,2021-08-18T21:50:14.145958
Anti-Islamism,16771,,2021-08-18T21:50:14.979725
Anti flag,11926,,2021-08-18T21:50:16.144805
Apollo Justice,17513,,2021-08-18T21:57:28.552063
Apple iMac,9652,,2021-08-18T21:57:29.608668
Approach the witness,1027,,2021-08-18T21:57:30.398324
April-Fools'Day,563,,2021-08-18T21:57:31.043374
April-Fools' Day,529,,2021-08-18T21:57:31.707493
April Fool's Day,130603,,2021-08-18T21:57:33.004497
April Fool Day,3605,,2021-08-18T21:57:33.893457
April Fools Day,74892,,2021-08-18T21:57:35.048458
April fools' day,13369,,2021-08-18T21:57:36.116054
Aquadon,1607,,2021-08-18T21:57:36.936065
Aramean-Syriac people,6170,,2021-08-18T21:57:37.973525
Archaebacteria,67386,,2021-08-18T21:57:39.050717
Archbishop of Armagh (Roman Catholic),20991,,2021-08-18T21:57:40.182035
Are You Ready (Hannah Montana song),2394,,2021-08-18T21:57:41.296726
Areolae,39301,,2021-08-18T21:57:42.388776
Arisha Khan,1197,,2021-08-18T21:57:43.073138
Armageddon theology,1253,,2021-08-18T21:57:43.877782
Armando (Blogger),1611,,2021-08-18T21:57:44.703075
Armando Llorens,1896,,2021-08-18T21:57:45.574841
Armenian Uzundara,479,,2021-08-18T21:57:46.085525
Aroha Robinson,2948,,2021-08-18T21:57:47.059267
"Aron ""Deuce"" Erlichman",1061,,2021-08-18T21:57:47.889597
Aron Erlichman,4273,,2021-08-18T21:57:48.946270
Arsenic DNA,13158,,2021-08-18T21:57:49.917695
Arthropoda,3299868,,2021-08-18T21:57:51.280647
Article Wizard,13327,,2021-08-18T21:57:52.396688
Article merge,1376,,2021-08-18T21:57:53.099677
Artist Originals (AO),289,,2021-08-18T21:57:53.473378
Arushi,714,,2021-08-18T21:57:53.983891
Arvanit,2280,,2021-08-18T21:57:54.831890
Asdfmovie,18368,,2021-08-18T21:57:55.754182
Ashley Spurlin,15819,,2021-08-18T21:57:56.881260
Ashley van Haeften,4407,,2021-08-18T21:57:57.946379
Assassination threats against Donald Trump,19656,,2021-08-18T21:57:58.975070
Assburger,2997,,2021-08-18T21:57:59.843305
Assburger's syndrome,2345,,2021-08-18T21:58:00.774523
Assburger syndrome,1562,,2021-08-18T21:58:01.625365
Assimilation (Star Trek),16174,,2021-08-18T21:58:02.681202
Assyrians in Sweden,27574,,2021-08-18T21:58:03.837002
Astrid Menks,201815,,2021-08-18T21:58:05.030777
Athens International Airport station,887,,2021-08-18T21:58:05.844899
"Athiya Shetty (actress, born 1992)",999,,2021-08-18T21:58:06.539788
Atomic Betty (character),950,,2021-08-18T21:58:07.385219
Audio theatre,8665,,2021-08-18T21:58:08.480029
Author-date system,1403,,2021-08-18T21:58:09.340523
Autologous Chrondrocyte Implantation,619,,2021-08-18T21:58:10.088660
Autonomous Republic of Abkhazia,14300,,2021-08-18T21:58:11.367589
Avatar: The Last Airbender media information,1977,,2021-08-18T21:58:12.219244
Aviation Quality Services,1610,,2021-08-18T21:58:13.095353
Avraham Grant,5342,,2021-08-18T21:58:14.168148
