view_count,page_length,edit_count,page_watchers,page_watchers_recent_edits,page_views_past_30days,redirects,recent_number_of_edits,number_distinct_authors,number_categories
1015,69.0,2.0,25.0,50.0,1,0,0,0,2
1238,69.0,2.0,25.0,50.0,1,0,0,0,2
2007,69.0,2.0,25.0,50.0,2,0,0,0,2
2048,69.0,2.0,25.0,50.0,2,0,0,0,2
851,69.0,3.0,25.0,50.0,2,0,0,0,2
4943,7209.0,76.0,25.0,50.0,2,1,0,0,2
1212,69.0,2.0,25.0,50.0,3,0,0,0,2
984,69.0,3.0,25.0,50.0,6,0,0,0,2
2748,1214.0,7.0,25.0,50.0,8,0,0,0,2
3521,1255.0,12.0,25.0,50.0,9,0,0,0,2
1433,69.0,2.0,25.0,50.0,10,0,0,0,2
2310,69.0,2.0,25.0,50.0,13,0,0,0,2
8509,5604.0,24.0,25.0,50.0,24,0,0,0,2
935,69.0,2.0,25.0,50.0,27,0,0,0,2
7986,2341.0,23.0,25.0,50.0,30,1,0,0,2
5321,13040.0,28.0,25.0,50.0,31,2,0,0,2
5428,7470.0,368.0,37.0,2.0,36,9,0,0,2
37221,7498.0,49.0,25.0,50.0,42,3,0,0,2
7553,2094.0,20.0,25.0,50.0,57,1,0,0,2
12911,359.0,11.0,25.0,50.0,118,0,0,0,2
45452,64.0,28.0,25.0,50.0,204,0,0,0,2
62728,9475.0,403.0,47.0,14.0,325,0,0,0,2
45499,8494.0,111.0,25.0,50.0,344,2,0,0,2
66388,2942.0,129.0,25.0,50.0,488,0,0,0,2
56091,3424.0,40.0,25.0,50.0,652,0,0,0,2
34819,6869.0,37.0,25.0,50.0,134,1,1,1,2
12825,9904.0,68.0,32.0,2.0,43,1,2,2,2
442438,12901.0,343.0,46.0,4.0,9433,5,3,2,2
2717,58.0,9.0,25.0,50.0,2,0,0,0,3
17526,105.0,1.0,25.0,50.0,5,0,0,0,3
3180,529.0,20.0,25.0,50.0,5,1,0,0,3
5764,1740.0,9.0,25.0,50.0,8,0,0,0,3
3893,1605.0,21.0,25.0,50.0,11,0,0,0,3
4988,226.0,39.0,25.0,50.0,15,0,0,0,3
4395,1711.0,15.0,25.0,50.0,17,0,0,0,3
4763,616.0,20.0,25.0,50.0,18,0,0,0,3
3211,762.0,12.0,25.0,50.0,22,5,0,0,3
5496,670.0,12.0,25.0,50.0,37,0,0,0,3
29791,407.0,6.0,25.0,50.0,46,0,0,0,3
28754,952.0,7.0,25.0,50.0,46,1,0,0,3
8924,1696.0,16.0,25.0,50.0,50,0,0,0,3
6014,2580.0,16.0,25.0,50.0,50,0,0,0,3
9604,5164.0,26.0,25.0,50.0,57,4,0,0,3
18973,13931.0,62.0,25.0,50.0,61,1,0,0,3
10481,5447.0,39.0,25.0,50.0,64,1,0,0,3
17352,874.0,34.0,25.0,50.0,65,6,0,0,3
15807,3759.0,44.0,25.0,50.0,84,1,0,0,3
232767,107.0,1.0,45.0,26.0,92,0,0,0,3
18846,3588.0,52.0,25.0,50.0,101,1,0,0,3
95209,91.0,2.0,25.0,50.0,104,0,0,0,3
19135,11078.0,143.0,25.0,50.0,115,2,0,0,3
21441,17411.0,180.0,25.0,50.0,131,4,0,0,3
42725,21415.0,148.0,34.0,7.0,206,3,0,0,3
160037,373.0,709.0,69.0,8.0,467,12,0,0,3
41519,3365.0,165.0,25.0,50.0,482,1,0,0,3
46549,5314.0,84.0,25.0,50.0,483,3,0,0,3
532302,65.0,2.0,210.0,41.0,1870,0,0,0,3
1557978,98.0,1.0,152.0,15.0,3089,0,0,0,3
5746759,95.0,1.0,1166.0,44.0,5513,0,0,0,3
590917,5300.0,352.0,42.0,5.0,5684,6,0,0,3
2967525,91.0,1.0,376.0,7.0,6502,0,0,0,3
2977562,56.0,3925.0,201.0,11.0,27499,0,0,0,3
7279,165.0,29.0,25.0,50.0,6,0,1,1,3
10455,4159.0,15.0,25.0,50.0,27,5,1,1,3
7707,4350.0,10.0,25.0,50.0,61,0,1,1,3
14327,13724.0,71.0,25.0,50.0,109,1,1,1,3
18965,5267.0,24.0,25.0,50.0,119,1,1,1,3
16679,4932.0,39.0,25.0,50.0,202,1,1,1,3
76753,4903.0,64.0,25.0,50.0,1175,2,1,1,3
89092,74.0,1.0,30.0,2.0,2395,0,1,1,3
306947,11924.0,318.0,151.0,10.0,3127,2,1,1,3
11676,5787.0,21.0,25.0,50.0,52,0,2,1,3
669910,37328.0,1811.0,36.0,7.0,11114,1,2,2,3
2294646,13582.0,893.0,82.0,9.0,12413,9,2,2,3
3237,147.0,6.0,25.0,50.0,2,0,0,0,4
3488,1491.0,22.0,25.0,50.0,2,0,0,0,4
4067,2393.0,10.0,25.0,50.0,3,0,0,0,4
2154,825.0,7.0,25.0,50.0,5,0,0,0,4
3159,803.0,12.0,25.0,50.0,5,1,0,0,4
7082,2936.0,19.0,25.0,50.0,12,3,0,0,4
4800,811.0,9.0,25.0,50.0,13,1,0,0,4
5790,2641.0,9.0,25.0,50.0,18,0,0,0,4
6917,3156.0,22.0,25.0,50.0,20,0,0,0,4
6278,2109.0,19.0,25.0,50.0,21,0,0,0,4
7947,3594.0,44.0,25.0,50.0,22,1,0,0,4
7808,4549.0,43.0,25.0,50.0,23,0,0,0,4
10660,2251.0,47.0,25.0,50.0,25,1,0,0,4
13004,11369.0,94.0,25.0,50.0,49,1,0,0,4
11741,6338.0,52.0,25.0,50.0,64,4,0,0,4
17541,6129.0,72.0,25.0,50.0,119,2,0,0,4
20351,7845.0,105.0,25.0,50.0,133,1,0,0,4
39615,7300.0,622.0,36.0,3.0,153,2,0,0,4
20675,2656.0,32.0,25.0,50.0,162,2,0,0,4
34639,23653.0,266.0,25.0,50.0,174,2,0,0,4
43858,3256.0,149.0,25.0,50.0,221,0,0,0,4
31620,6127.0,25.0,25.0,50.0,284,2,0,0,4
965522,93.0,3.0,104.0,13.0,306,0,0,0,4
28043,4552.0,38.0,25.0,50.0,361,1,0,0,4
889195,96.0,4.0,64.0,15.0,382,0,0,0,4
40998,64158.0,682.0,25.0,50.0,403,2,0,0,4
54603,6465.0,230.0,25.0,50.0,447,4,0,0,4
67905,2667.0,76.0,25.0,50.0,577,0,0,0,4
114667,17273.0,198.0,25.0,50.0,1386,0,0,0,4
125593,41881.0,375.0,25.0,50.0,1963,0,0,0,4
431001,59408.0,1628.0,25.0,50.0,2075,4,0,0,4
341834,5892.0,653.0,37.0,50.0,2779,3,0,0,4
129762,10994.0,1208.0,25.0,50.0,3259,0,0,0,4
345254,27004.0,453.0,25.0,50.0,3824,1,0,0,4
948886,32372.0,466.0,82.0,7.0,4210,2,0,0,4
1959765,7372.0,2409.0,202.0,30.0,8132,2,0,0,4
1452032,36254.0,9155.0,80.0,12.0,14929,4,0,0,4
24732062,126.0,3.0,1315.0,101.0,21222,0,0,0,4
7116,2338.0,24.0,25.0,50.0,32,1,1,1,4
28537,8145.0,43.0,25.0,50.0,128,0,1,1,4
16963,3275.0,61.0,25.0,50.0,217,0,1,1,4
69661,5074.0,83.0,25.0,50.0,885,0,1,1,4
891490,37471.0,406.0,45.0,8.0,2504,2,1,1,4
1593669,44683.0,2315.0,72.0,4.0,11404,5,1,1,4
1303885,104636.0,2623.0,144.0,26.0,28893,22,1,1,4
5869,2989.0,25.0,25.0,50.0,14,1,2,1,4
17571,18910.0,328.0,25.0,50.0,49,3,2,1,4
789589,8575.0,2317.0,90.0,7.0,3463,12,2,1,4
69231,14712.0,288.0,25.0,50.0,941,2,2,2,4
605493,42606.0,4628.0,49.0,2.0,6862,114,7,2,4
2813,1532.0,12.0,25.0,50.0,4,0,0,0,5
3042,1853.0,18.0,25.0,50.0,4,2,0,0,5
3472,1019.0,11.0,25.0,50.0,5,0,0,0,5
5105,3406.0,19.0,25.0,50.0,8,0,0,0,5
4074,1878.0,6.0,25.0,50.0,9,1,0,0,5
3660,1517.0,9.0,25.0,50.0,9,1,0,0,5
5767,3551.0,27.0,25.0,50.0,13,2,0,0,5
3580,1642.0,10.0,25.0,50.0,15,2,0,0,5
4510,1023.0,13.0,25.0,50.0,17,0,0,0,5
7522,3739.0,28.0,25.0,50.0,20,0,0,0,5
7405,1828.0,5.0,25.0,50.0,26,4,0,0,5
8951,2774.0,8.0,25.0,50.0,26,0,0,0,5
8833,3666.0,14.0,25.0,50.0,33,0,0,0,5
18818,2850.0,50.0,25.0,50.0,93,1,0,0,5
13435,8013.0,35.0,25.0,50.0,96,1,0,0,5
15409,13195.0,116.0,25.0,50.0,142,1,0,0,5
41153,11730.0,74.0,25.0,50.0,150,1,0,0,5
38148,2442.0,55.0,25.0,50.0,242,1,0,0,5
30233,10095.0,65.0,25.0,50.0,274,0,0,0,5
59319,933.0,39.0,25.0,50.0,451,0,0,0,5
75466,5267.0,106.0,39.0,6.0,553,0,0,0,5
195738,66649.0,481.0,42.0,5.0,1016,2,0,0,5
131797,109895.0,826.0,68.0,14.0,1066,7,0,0,5
99699,16935.0,321.0,25.0,50.0,1401,2,0,0,5
54442,4975.0,237.0,25.0,50.0,1498,0,0,0,5
228056,16224.0,1120.0,126.0,13.0,1638,2,0,0,5
1760361,75.0,1.0,43.0,5.0,2091,0,0,0,5
398167,8020.0,280.0,25.0,50.0,3222,2,0,0,5
1279103,53828.0,1334.0,185.0,9.0,3607,9,0,0,5
1670423,27443.0,1261.0,1170.0,12.0,15381,18,0,0,5
27703236,72.0,1.0,1255.0,93.0,48673,0,0,0,5
14549,9508.0,167.0,25.0,50.0,77,3,1,1,5
30320,4049.0,219.0,25.0,50.0,196,1,1,1,5
29651,60744.0,657.0,25.0,50.0,391,1,1,1,5
522147,4404.0,448.0,64.0,4.0,1728,9,1,1,5
283120,5793.0,128.0,25.0,50.0,4042,0,1,1,5
2287418,31580.0,870.0,42.0,3.0,13199,2,1,1,5
101407,20489.0,412.0,25.0,50.0,1064,0,3,1,5
203961,28732.0,1160.0,25.0,50.0,1628,2,4,1,5
34507,15029.0,128.0,25.0,50.0,153,4,2,2,5
156610,119858.0,1156.0,54.0,9.0,1999,10,4,2,5
60304,69827.0,436.0,25.0,50.0,1859,1,3,3,5
1035791,28688.0,2590.0,127.0,15.0,15756,5,4,3,5
1602602,44124.0,953.0,174.0,24.0,14318,15,10,3,5
2959231,147226.0,13234.0,957.0,102.0,20601,54,6,4,5
6411198,47971.0,3407.0,107.0,8.0,38340,3,7,5,5
625907,69731.0,661.0,25.0,50.0,15947,7,12,5,5
969377,17581.0,3738.0,154.0,10.0,9834,13,7,6,5
701635,72180.0,625.0,25.0,50.0,13581,7,15,8,5
2664,1647.0,9.0,25.0,50.0,8,1,0,0,6
5038,2301.0,10.0,25.0,50.0,11,0,0,0,6
6033,1070.0,17.0,25.0,50.0,11,3,0,0,6
4114,2543.0,11.0,25.0,50.0,12,0,0,0,6
6778,4375.0,18.0,25.0,50.0,15,0,0,0,6
8546,634.0,15.0,25.0,50.0,16,0,0,0,6
18236,714.0,30.0,25.0,50.0,68,1,0,0,6
12726,3343.0,66.0,25.0,50.0,88,2,0,0,6
10783,3674.0,34.0,25.0,50.0,90,0,0,0,6
48569,6465.0,56.0,25.0,50.0,205,0,0,0,6
29116,1660.0,10.0,25.0,50.0,225,0,0,0,6
42507,4813.0,51.0,25.0,50.0,248,0,0,0,6
53629,15929.0,273.0,25.0,50.0,302,1,0,0,6
40748,1965.0,170.0,25.0,50.0,317,1,0,0,6
46280,6387.0,168.0,25.0,50.0,322,3,0,0,6
50965,12326.0,125.0,25.0,50.0,370,0,0,0,6
92976,5234.0,234.0,25.0,50.0,378,1,0,0,6
106833,52093.0,429.0,37.0,8.0,433,2,0,0,6
106833,52093.0,429.0,37.0,8.0,433,2,0,0,6
56294,85725.0,269.0,25.0,50.0,468,2,0,0,6
18667,15417.0,58.0,25.0,50.0,476,2,0,0,6
67702,1856.0,214.0,25.0,50.0,487,0,0,0,6
70484,13416.0,331.0,25.0,50.0,520,5,0,0,6
234392,6479.0,151.0,25.0,50.0,3581,0,0,0,6
319698,38928.0,535.0,38.0,6.0,4662,2,0,0,6
686603,8114.0,270.0,25.0,50.0,4743,3,0,0,6
2451914,104.0,3.0,779.0,24.0,4911,0,0,0,6
406821,23712.0,1938.0,67.0,13.0,9817,3,0,0,6
1178088,39232.0,835.0,35.0,50.0,11789,8,0,0,6
1590426,18133.0,342.0,117.0,7.0,12696,3,0,0,6
1687844,66143.0,566.0,381.0,59.0,15858,5,0,0,6
10279,2183.0,40.0,25.0,50.0,51,1,1,1,6
331609,32466.0,970.0,55.0,7.0,3772,14,1,1,6
941547,12561.0,514.0,25.0,50.0,2402,0,2,1,6
2429961,116950.0,3969.0,471.0,66.0,31103,90,5,4,6
1304497,97313.0,2406.0,154.0,21.0,22038,12,16,10,6
39509,12123.0,686.0,25.0,50.0,8796,4,16,11,6
8405,275.0,25.0,25.0,50.0,1,0,0,0,7
6243,2115.0,13.0,25.0,50.0,18,1,0,0,7
5449,1812.0,23.0,25.0,50.0,20,0,0,0,7
8159,4406.0,31.0,25.0,50.0,21,0,0,0,7
7884,9326.0,36.0,25.0,50.0,23,0,0,0,7
10243,24338.0,244.0,25.0,50.0,25,1,0,0,7
7441,1808.0,34.0,25.0,50.0,26,0,0,0,7
6542,1590.0,20.0,25.0,50.0,40,1,0,0,7
26082,40242.0,678.0,25.0,50.0,68,4,0,0,7
17392,4200.0,250.0,25.0,50.0,69,0,0,0,7
44582,22139.0,392.0,42.0,6.0,147,5,0,0,7
27629,3265.0,57.0,25.0,50.0,207,1,0,0,7
26588,11947.0,188.0,35.0,4.0,209,7,0,0,7
43094,5574.0,87.0,25.0,50.0,219,4,0,0,7
58416,23647.0,206.0,31.0,5.0,297,6,0,0,7
102332,6736.0,670.0,31.0,4.0,470,1,0,0,7
47978,4743.0,29.0,25.0,50.0,472,2,0,0,7
60203,7786.0,175.0,25.0,50.0,619,0,0,0,7
194750,6441.0,251.0,25.0,50.0,938,0,0,0,7
7928187,117.0,4.0,1041.0,37.0,4286,0,0,0,7
520695,9508.0,654.0,79.0,9.0,5554,2,0,0,7
940877,9543.0,691.0,25.0,50.0,6365,1,0,0,7
4537726,153.0,40.0,487.0,81.0,7915,0,0,0,7
1046975,10051.0,1010.0,83.0,9.0,9225,4,0,0,7
752065,12342.0,3394.0,97.0,12.0,10484,13,0,0,7
8122043,40998.0,1577.0,447.0,60.0,161830,19,0,0,7
561163,6874.0,432.0,25.0,50.0,4259,2,1,1,7
1836645,74987.0,1878.0,119.0,9.0,13313,0,1,1,7
1486571,23015.0,554.0,135.0,14.0,14823,5,1,1,7
1785214,45514.0,6412.0,146.0,20.0,29900,3,1,1,7
159701,9233.0,241.0,25.0,50.0,1602,0,2,1,7
1019279,32945.0,1022.0,183.0,23.0,10531,6,2,1,7
312413,57284.0,853.0,94.0,8.0,1947,11,2,2,7
1031457,42752.0,1827.0,25.0,50.0,9424,7,2,2,7
2916208,24654.0,9877.0,997.0,45.0,49251,193,2,2,7
663253,25602.0,3762.0,87.0,14.0,11311,10,4,4,7
7369447,34899.0,5323.0,118.0,8.0,58087,0,13,9,7
543,59330.0,198.0,25.0,50.0,13608,7,125,11,7
4411,1432.0,22.0,25.0,50.0,3,0,0,0,8
5773,1789.0,8.0,25.0,50.0,22,1,0,0,8
6928,5366.0,58.0,25.0,50.0,22,0,0,0,8
10482,2638.0,82.0,25.0,50.0,29,0,0,0,8
10909,3019.0,23.0,25.0,50.0,39,0,0,0,8
8361,4344.0,26.0,25.0,50.0,45,2,0,0,8
14764,4993.0,123.0,25.0,50.0,54,3,0,0,8
14989,5932.0,38.0,25.0,50.0,57,3,0,0,8
11383,4428.0,41.0,25.0,50.0,64,0,0,0,8
19145,5935.0,217.0,25.0,50.0,72,1,0,0,8
20048,4567.0,199.0,25.0,50.0,118,0,0,0,8
19396,9360.0,87.0,25.0,50.0,124,1,0,0,8
19956,4274.0,127.0,25.0,50.0,135,0,0,0,8
104469,7612.0,108.0,25.0,50.0,223,12,0,0,8
36063,12572.0,91.0,25.0,50.0,229,1,0,0,8
35307,7717.0,84.0,25.0,50.0,240,0,0,0,8
25673,9233.0,60.0,25.0,50.0,290,1,0,0,8
92292,6185.0,95.0,25.0,50.0,316,1,0,0,8
30716,6619.0,42.0,25.0,50.0,561,1,0,0,8
73579,9200.0,182.0,25.0,50.0,1157,7,0,0,8
180548,73751.0,783.0,40.0,5.0,1979,5,0,0,8
211863,11156.0,510.0,33.0,5.0,2335,4,0,0,8
846410,9938.0,768.0,89.0,9.0,5388,33,0,0,8
9197523,185.0,78.0,845.0,109.0,19263,0,0,0,8
4908376,16548.0,1091.0,369.0,17.0,47213,9,0,0,8
18945,7421.0,49.0,25.0,50.0,30,0,1,1,8
36204,16829.0,146.0,25.0,50.0,136,2,1,1,8
193387,23547.0,537.0,25.0,50.0,1423,0,1,1,8
680230,5177.0,352.0,54.0,8.0,7828,13,1,1,8
1011476,38908.0,474.0,182.0,18.0,8558,10,1,1,8
2198960,118094.0,3913.0,157.0,15.0,9454,13,1,1,8
2428631,26195.0,4390.0,421.0,35.0,27800,12,1,1,8
3439109,26696.0,1391.0,244.0,24.0,33618,8,1,1,8
1267744,49318.0,2005.0,31.0,2.0,7728,1,2,1,8
10830,4342.0,32.0,25.0,50.0,64,0,3,1,8
8960514,51883.0,3995.0,306.0,30.0,90569,24,5,2,8
5121310,22563.0,1695.0,366.0,36.0,81522,13,4,3,8
1046078,58629.0,932.0,70.0,15.0,13336,18,4,4,8
91731,13421.0,377.0,50.0,4.0,850,5,7,4,8
840547,43900.0,7546.0,484.0,12.0,7655,32,10,4,8
2123859,17295.0,3480.0,375.0,41.0,18204,6,7,6,8
376293,22874.0,204.0,47.0,10.0,2357,9,39,10,8
5888455,86633.0,4563.0,85.0,16.0,105936,3,18,12,8
2768125,40299.0,2123.0,167.0,17.0,38308,7,13,13,8
10438,9045.0,99.0,25.0,50.0,14,2,0,0,9
6460,1895.0,12.0,25.0,50.0,39,0,0,0,9
7730,10125.0,59.0,25.0,50.0,47,1,0,0,9
34990,5397.0,129.0,25.0,50.0,76,4,0,0,9
24621,1110.0,17.0,25.0,50.0,84,1,0,0,9
21011,5844.0,55.0,25.0,50.0,166,1,0,0,9
54999,3834.0,53.0,25.0,50.0,881,0,0,0,9
72372,2718.0,757.0,25.0,50.0,920,4,0,0,9
106391,15267.0,562.0,25.0,50.0,1141,0,0,0,9
237120,14134.0,1521.0,46.0,3.0,1677,2,0,0,9
193942,15897.0,511.0,83.0,9.0,1818,12,0,0,9
231967,26179.0,396.0,36.0,4.0,2448,3,0,0,9
279617,39388.0,644.0,25.0,50.0,2785,4,0,0,9
293221,15067.0,416.0,56.0,12.0,3437,19,0,0,9
611597,5996.0,263.0,25.0,50.0,4188,1,0,0,9
554989,46782.0,644.0,142.0,12.0,5851,7,0,0,9
6633566,21381.0,1993.0,281.0,24.0,51226,2,0,0,9
35002,8596.0,299.0,25.0,50.0,241,1,1,1,9
33949,9191.0,55.0,25.0,50.0,845,0,1,1,9
1206438,77026.0,2750.0,349.0,16.0,11221,18,1,1,9
845294,17225.0,830.0,102.0,21.0,12860,7,1,1,9
508182,23196.0,256.0,41.0,5.0,5666,3,2,1,9
83965,8442.0,333.0,34.0,2.0,851,9,3,1,9
735169,11037.0,626.0,39.0,3.0,7069,0,2,2,9
798234,46599.0,868.0,69.0,8.0,7660,1,2,2,9
1222990,48454.0,2961.0,41.0,5.0,9580,1,2,2,9
1279895,93503.0,6428.0,192.0,13.0,19208,32,2,2,9
6556991,193388.0,6404.0,589.0,83.0,58001,23,9,7,9
7276665,81849.0,11631.0,514.0,22.0,77519,12,18,12,9
4124129,47461.0,4543.0,207.0,34.0,121150,23,33,22,9
8270,5118.0,27.0,25.0,50.0,45,0,0,0,10
10685,3156.0,58.0,25.0,50.0,60,5,0,0,10
18773,5359.0,116.0,25.0,50.0,132,3,0,0,10
82560,5735.0,96.0,25.0,50.0,665,1,0,0,10
58232,16424.0,115.0,25.0,50.0,847,0,0,0,10
160425,11108.0,299.0,25.0,50.0,1087,4,0,0,10
89607,15884.0,353.0,25.0,50.0,1096,5,0,0,10
92358,17384.0,324.0,25.0,50.0,1260,10,0,0,10
210150,27156.0,410.0,44.0,13.0,2233,4,0,0,10
995097,9564.0,361.0,45.0,9.0,6554,3,0,0,10
876561,3346.0,294.0,25.0,50.0,7054,0,0,0,10
1218436,52234.0,1006.0,120.0,8.0,22062,5,0,0,10
25323,1428.0,39.0,25.0,50.0,149,0,2,1,10
85379,75912.0,939.0,83.0,50.0,419,12,2,1,10
1013275,27205.0,2027.0,49.0,6.0,11256,11,2,2,10
4235308,50926.0,2617.0,301.0,29.0,93831,70,2,2,10
1974023,15759.0,463.0,128.0,13.0,16668,14,7,2,10
111685,5698.0,351.0,25.0,50.0,1215,9,3,3,10
2150116,104954.0,6756.0,96.0,10.0,17698,6,3,3,10
196766,7122.0,828.0,44.0,4.0,2144,6,7,3,10
1461174,132431.0,3367.0,264.0,26.0,8607,29,7,6,10
3911900,42922.0,3894.0,514.0,47.0,28788,3,19,7,10
7394709,130229.0,8570.0,898.0,112.0,79441,69,9,8,10
9467,2673.0,20.0,25.0,50.0,62,0,0,0,11
17824,2839.0,65.0,25.0,50.0,83,0,0,0,11
11000,2345.0,52.0,25.0,50.0,94,0,0,0,11
36892,20489.0,252.0,25.0,50.0,174,4,0,0,11
82673,20207.0,381.0,43.0,13.0,344,3,0,0,11
36781,4521.0,87.0,25.0,50.0,367,0,0,0,11
101212,21260.0,398.0,25.0,50.0,1450,1,0,0,11
1445243,31648.0,885.0,138.0,15.0,13607,8,0,0,11
812397,15382.0,1622.0,76.0,12.0,14448,21,0,0,11
52630,53284.0,836.0,41.0,50.0,439,2,1,1,11
2816859,26287.0,2005.0,178.0,20.0,7437,6,1,1,11
1274269,29244.0,546.0,128.0,20.0,13095,7,1,1,11
1107024,40783.0,4432.0,107.0,5.0,17130,6,1,1,11
1725900,17065.0,964.0,108.0,11.0,21296,2,2,2,11
3711274,32526.0,2287.0,489.0,36.0,45123,19,2,2,11
3357279,21159.0,1379.0,176.0,22.0,66795,5,4,3,11
5051287,159170.0,6442.0,230.0,18.0,57019,429,5,3,11
800824,52122.0,3537.0,58.0,7.0,13529,2,12,3,11
465985,21454.0,1095.0,42.0,8.0,5149,3,5,4,11
4544647,54511.0,3584.0,398.0,37.0,57092,18,13,10,11
9227,1621.0,52.0,25.0,50.0,11,0,0,0,12
11112,4303.0,31.0,25.0,50.0,33,2,0,0,12
20745,3143.0,472.0,25.0,50.0,151,2,0,0,12
147957,43892.0,1381.0,129.0,11.0,1306,11,0,0,12
166809,14378.0,842.0,67.0,13.0,1951,19,0,0,12
442784,14865.0,838.0,99.0,10.0,3093,10,0,0,12
485956,14842.0,375.0,32.0,2.0,4808,2,0,0,12
1298825,13196.0,1890.0,146.0,10.0,11237,5,0,0,12
2314709,28382.0,2032.0,193.0,17.0,14945,6,0,0,12
2484625,11713.0,1288.0,68.0,7.0,20484,5,0,0,12
1257399,21589.0,1073.0,69.0,9.0,20658,7,0,0,12
4176999,28200.0,4279.0,201.0,8.0,26334,7,0,0,12
8800,8807.0,45.0,25.0,50.0,59,1,1,1,12
768371,52358.0,1895.0,71.0,10.0,11517,8,1,1,12
123765,19676.0,238.0,25.0,50.0,1633,5,2,2,12
1056929,24469.0,840.0,108.0,3.0,4721,0,3,3,12
2631829,39739.0,6982.0,498.0,57.0,30345,55,4,4,12
1641873,49111.0,3975.0,136.0,17.0,23871,8,6,4,12
4895849,106845.0,4195.0,615.0,50.0,29044,9,10,6,12
9490155,173788.0,5519.0,285.0,37.0,114284,54,16,6,12
6601,1778.0,53.0,25.0,50.0,15,0,0,0,13
7906,3887.0,37.0,25.0,50.0,39,1,0,0,13
8735,4113.0,41.0,25.0,50.0,43,2,0,0,13
15571,2410.0,40.0,25.0,50.0,179,2,0,0,13
27257,2592.0,119.0,25.0,50.0,209,0,0,0,13
476907,11599.0,2006.0,52.0,11.0,6229,2,0,0,13
5210880,30168.0,5631.0,359.0,34.0,27191,29,0,0,13
14886523,38698.0,2966.0,535.0,63.0,200916,63,0,0,13
25820,6357.0,457.0,52.0,8.0,117,7,1,1,13
47433,2814.0,38.0,25.0,50.0,318,1,1,1,13
698469,38734.0,962.0,25.0,50.0,4892,0,1,1,13
944178,74407.0,820.0,52.0,7.0,8119,2,1,1,13
2632543,24173.0,2754.0,211.0,21.0,15328,5,1,1,13
4675419,22937.0,1711.0,140.0,16.0,21627,8,1,1,13
4455570,65364.0,2010.0,208.0,28.0,46540,38,1,1,13
680034,87066.0,1299.0,124.0,10.0,7237,8,2,1,13
2058135,140725.0,1604.0,301.0,25.0,15031,14,2,2,13
985526,15692.0,3059.0,80.0,2.0,15324,7,2,2,13
3338751,38483.0,3233.0,230.0,25.0,50249,15,3,2,13
1243556,40081.0,2351.0,151.0,14.0,12049,10,7,7,13
721698,68764.0,2451.0,148.0,20.0,12995,21,8,7,13
5451752,105412.0,6763.0,290.0,31.0,76304,31,12,9,13
1939928,50129.0,6932.0,171.0,22.0,28879,25,14,11,13
13106310,95845.0,3514.0,250.0,41.0,93577,6,43,20,13
5240447,121889.0,10970.0,911.0,61.0,69007,53,42,25,13
5605,2857.0,70.0,25.0,50.0,11,1,0,0,14
8391,2146.0,196.0,25.0,50.0,17,1,0,0,14
20364,9169.0,222.0,25.0,50.0,118,2,0,0,14
29106,5864.0,70.0,25.0,50.0,384,2,0,0,14
144130,28266.0,1834.0,130.0,11.0,1186,3,0,0,14
319210,36845.0,541.0,66.0,7.0,1718,1,0,0,14
191281,46380.0,655.0,97.0,9.0,2064,3,0,0,14
440768,67131.0,2667.0,244.0,15.0,2831,15,0,0,14
438661,44604.0,505.0,121.0,17.0,2954,12,0,0,14
402155,46977.0,1090.0,184.0,16.0,4065,6,0,0,14
2474667,12759.0,2851.0,176.0,27.0,16269,12,0,0,14
4064083,115148.0,9901.0,839.0,27.0,55588,71,0,0,14
6812,6145.0,36.0,25.0,50.0,28,0,1,1,14
61461,11245.0,247.0,32.0,5.0,670,7,1,1,14
205576,7630.0,225.0,25.0,50.0,3148,2,1,1,14
1157705,75945.0,1537.0,139.0,15.0,9140,17,1,1,14
3873158,46087.0,2731.0,461.0,59.0,38697,19,1,1,14
5327670,183925.0,3708.0,199.0,15.0,45485,25,1,1,14
5695914,37769.0,6371.0,496.0,42.0,77869,21,1,1,14
296361,41847.0,1163.0,37.0,3.0,2289,1,3,1,14
14213,8587.0,89.0,25.0,50.0,38,1,2,2,14
141900,9185.0,188.0,25.0,50.0,4250,0,2,2,14
3874683,64558.0,2926.0,201.0,12.0,60553,15,2,2,14
4780444,42711.0,3247.0,61.0,7.0,72553,26,6,2,14
2532034,37634.0,3460.0,218.0,24.0,19020,15,3,3,14
3416117,74479.0,3481.0,415.0,23.0,32786,23,3,3,14
664000,37676.0,4466.0,127.0,17.0,10257,29,6,4,14
5315926,55405.0,3088.0,487.0,48.0,50718,29,6,6,14
2463950,61285.0,7278.0,251.0,26.0,34178,63,19,6,14
6403390,90470.0,4982.0,514.0,43.0,52563,26,7,7,14
5596522,108759.0,2816.0,159.0,28.0,226329,6,41,15,14
23833,4243.0,132.0,25.0,50.0,74,0,0,0,15
74767,32431.0,401.0,25.0,50.0,504,3,0,0,15
585896,33736.0,1598.0,128.0,22.0,5246,4,0,0,15
756744,35919.0,820.0,41.0,5.0,13094,5,0,0,15
2247848,28215.0,2830.0,203.0,22.0,17574,35,0,0,15
2420343,23618.0,5028.0,464.0,49.0,20124,21,0,0,15
153017,117508.0,2168.0,170.0,18.0,2059,16,1,1,15
2106305,54724.0,1578.0,305.0,31.0,15593,4,1,1,15
1611063,87645.0,4908.0,424.0,44.0,15859,50,1,1,15
43675,14074.0,214.0,25.0,50.0,557,3,2,1,15
740650,100670.0,3068.0,277.0,28.0,7290,12,2,1,15
62622,28304.0,530.0,77.0,5.0,327,2,3,1,15
429373,15211.0,1564.0,71.0,9.0,5925,16,3,2,15
4863233,78303.0,3165.0,210.0,14.0,65537,7,8,2,15
1178077,34827.0,1450.0,258.0,33.0,16001,11,3,3,15
8233943,98344.0,3104.0,120.0,21.0,72687,3,3,3,15
1795128,42844.0,4361.0,85.0,6.0,25266,9,5,3,15
10468369,163577.0,7000.0,602.0,65.0,60590,27,7,5,15
5772522,105964.0,10539.0,454.0,66.0,157790,70,22,8,15
1830065,97813.0,1503.0,235.0,21.0,18083,31,103,11,15
13262,3740.0,20.0,25.0,50.0,72,1,0,0,16
164637,17255.0,644.0,92.0,9.0,1518,7,0,0,16
208303,20539.0,986.0,25.0,50.0,3743,6,0,0,16
569073,7037.0,1154.0,55.0,3.0,5141,3,0,0,16
21196,30012.0,861.0,51.0,6.0,83,11,1,1,16
4372534,12665.0,1329.0,101.0,9.0,54602,7,1,1,16
996588,45205.0,3594.0,106.0,6.0,9657,11,2,2,16
2337420,109843.0,2489.0,373.0,33.0,22845,12,3,3,16
1010860,139974.0,3048.0,93.0,7.0,9122,6,4,4,16
194179,22636.0,412.0,25.0,50.0,2483,0,14,4,16
608497,385324.0,3599.0,31.0,4.0,1359,1,5,5,16
1206133,94515.0,1818.0,110.0,10.0,7529,8,5,5,16
4174816,73341.0,8060.0,365.0,30.0,48291,52,9,5,16
11710601,136400.0,4342.0,231.0,38.0,116058,9,15,7,16
6454228,108782.0,4302.0,478.0,52.0,67935,30,8,8,16
5181235,91920.0,6735.0,1011.0,37.0,20109,34,11,8,16
3495645,38670.0,2883.0,225.0,29.0,27215,6,41,19,16
186064,23294.0,522.0,25.0,50.0,2058,5,0,0,17
550054,12874.0,316.0,25.0,50.0,5106,1,0,0,17
1040275,40895.0,2574.0,253.0,34.0,11184,39,0,0,17
4523535,35587.0,6322.0,498.0,34.0,40528,10,0,0,17
5796741,31837.0,3356.0,411.0,35.0,44272,22,0,0,17
271038,33059.0,867.0,151.0,11.0,2461,5,1,1,17
213773,17990.0,476.0,25.0,50.0,3934,11,1,1,17
4524856,57451.0,1665.0,112.0,28.0,40349,13,1,1,17
532438,56405.0,1753.0,127.0,20.0,5972,11,3,2,17
2537261,92349.0,3142.0,59.0,10.0,35126,8,8,2,17
6738868,74085.0,1826.0,130.0,19.0,32884,19,3,3,17
11557598,74924.0,5468.0,684.0,58.0,69303,15,5,3,17
1119139,68456.0,10761.0,478.0,20.0,11582,39,7,4,17
10603884,54350.0,3656.0,508.0,96.0,384144,40,7,5,17
706742,82852.0,1861.0,165.0,29.0,9822,1,10,5,17
3594628,104628.0,6807.0,320.0,50.0,51519,49,12,5,17
43579777,160306.0,9424.0,484.0,25.0,190762,31,12,5,17
67497797,315549.0,22265.0,942.0,155.0,338093,40,72,11,17
401824,18822.0,592.0,45.0,4.0,3327,11,0,0,18
825267,54661.0,1795.0,178.0,20.0,8975,4,0,0,18
9382102,74774.0,3695.0,548.0,55.0,61283,38,0,0,18
220088,34012.0,538.0,36.0,3.0,1359,4,1,1,18
1677603,143272.0,4270.0,314.0,16.0,7521,34,1,1,18
15604902,166115.0,7200.0,423.0,56.0,129286,32,2,1,18
5725036,43104.0,4007.0,379.0,39.0,40233,15,4,1,18
2044228,20366.0,3693.0,209.0,8.0,18097,5,2,2,18
22504820,147998.0,6509.0,492.0,18.0,198451,2,2,2,18
1523941,30894.0,1326.0,250.0,30.0,16092,18,6,3,18
12497506,27801.0,4118.0,415.0,17.0,177219,4,4,4,18
2671883,81108.0,2139.0,292.0,47.0,34506,33,7,4,18
1384373,94061.0,15983.0,1595.0,25.0,12064,109,8,5,18
17453,4458.0,404.0,25.0,50.0,180,12,14,7,18
15235947,137744.0,5328.0,282.0,53.0,93752,41,17,12,18
797312,44899.0,2515.0,70.0,8.0,16707,1,17,15,18
6456090,95382.0,15285.0,599.0,73.0,116724,63,68,39,18
1115033,15385.0,2897.0,90.0,2.0,11969,4,0,0,19
4128877,67235.0,3996.0,366.0,29.0,32097,28,1,1,19
4262082,159341.0,6650.0,204.0,11.0,46114,7,1,1,19
7371353,107366.0,2543.0,93.0,13.0,83573,6,1,1,19
2875630,34917.0,2117.0,203.0,13.0,32683,16,2,2,19
633577,111483.0,2484.0,121.0,9.0,5448,16,3,3,19
3755481,60155.0,2872.0,256.0,25.0,41473,7,3,3,19
6617711,135196.0,5022.0,589.0,47.0,46220,32,3,3,19
3099898,66576.0,3519.0,187.0,6.0,20532,9,4,4,19
10376263,98833.0,8761.0,728.0,16.0,140047,25,5,4,19
8821963,211801.0,3422.0,190.0,33.0,61452,10,20,13,19
10346632,50327.0,6019.0,508.0,44.0,184566,9,23,15,19
24249720,109151.0,9538.0,1211.0,100.0,1234303,35,56,15,19
852973,116820.0,5384.0,155.0,20.0,12986,30,161,20,19
4363070,203205.0,8742.0,165.0,25.0,87532,10,30,22,19
8461552,45830.0,3107.0,253.0,17.0,243079,6,47,25,19
7299984,38011.0,1905.0,353.0,46.0,202524,12,40,29,19
8385,2196.0,14.0,25.0,50.0,55,0,0,0,20
17398,5966.0,83.0,25.0,50.0,70,1,0,0,20
98258,7824.0,137.0,25.0,50.0,1429,1,0,0,20
3199524,52245.0,5239.0,186.0,22.0,34383,24,0,0,20
258831,26280.0,866.0,62.0,8.0,3778,6,1,1,20
2790557,41680.0,3120.0,203.0,16.0,20769,12,1,1,20
1444229,51589.0,2238.0,115.0,5.0,16327,20,2,2,20
6609451,50739.0,3207.0,378.0,35.0,48875,14,3,2,20
5693919,61469.0,4769.0,979.0,85.0,57763,27,7,4,20
1953274,65153.0,3113.0,277.0,25.0,22181,56,25,7,20
16162934,111079.0,7001.0,977.0,104.0,307634,33,13,9,20
8386913,55491.0,4081.0,285.0,29.0,89531,5,31,9,20
1587865,50793.0,4372.0,159.0,22.0,20774,19,18,11,20
23659748,232017.0,18857.0,2099.0,154.0,222854,75,32,14,20
6290265,148340.0,7451.0,492.0,41.0,510782,60,25,19,20
18865,34276.0,582.0,34.0,5.0,81,1,0,0,21
493832,42137.0,1868.0,221.0,11.0,6959,13,1,1,21
3129578,52046.0,5084.0,357.0,26.0,28176,53,2,1,21
4595405,133536.0,4367.0,336.0,32.0,19170,14,4,3,21
5518781,47431.0,3264.0,390.0,31.0,51790,4,4,4,21
4103984,120966.0,6462.0,406.0,44.0,36054,16,6,6,21
27553446,173313.0,14307.0,836.0,100.0,454984,46,7,6,21
9507587,74610.0,6976.0,612.0,42.0,116715,36,14,8,21
3619895,154373.0,14047.0,1342.0,44.0,41628,57,14,10,21
5537425,86630.0,5830.0,333.0,23.0,56972,21,14,12,21
7352884,72938.0,3246.0,490.0,32.0,64383,10,1,1,22
1027496,32180.0,1951.0,102.0,7.0,9534,11,3,1,22
480374,63808.0,774.0,67.0,16.0,7304,3,2,2,22
1728079,78037.0,2595.0,165.0,16.0,11895,11,5,5,22
18578841,193829.0,13256.0,1567.0,161.0,236993,85,8,7,22
6967163,142751.0,5938.0,539.0,55.0,88985,31,9,8,22
6193344,199197.0,4960.0,594.0,53.0,77509,31,11,8,22
7069041,132565.0,4076.0,362.0,31.0,248298,20,13,8,22
2126780,78657.0,4773.0,268.0,46.0,31239,28,19,10,22
95153,12367.0,576.0,76.0,17.0,823,11,0,0,23
3283177,89153.0,2840.0,371.0,46.0,28736,37,0,0,23
3354167,75480.0,2881.0,358.0,30.0,24793,24,1,1,23
3354167,75480.0,2881.0,358.0,30.0,24793,24,1,1,23
18762374,117690.0,8196.0,1399.0,87.0,191510,124,7,1,23
1353387,54653.0,2623.0,99.0,12.0,11337,13,2,2,23
10508469,82036.0,3829.0,394.0,30.0,52546,25,2,2,23
6069596,125503.0,9388.0,551.0,18.0,71538,29,2,2,23
18209513,163046.0,8790.0,1648.0,103.0,214496,28,19,4,23
14398998,325980.0,22026.0,1025.0,70.0,155250,32,111,7,23
2687828,35413.0,3513.0,213.0,29.0,28008,14,12,9,23
8997565,52514.0,2926.0,313.0,29.0,195754,3,13,9,23
8815357,159479.0,5606.0,502.0,48.0,116314,113,16,12,23
9994129,71248.0,4484.0,412.0,30.0,62819,18,0,0,24
6539452,79083.0,11059.0,732.0,17.0,68786,30,1,1,24
1178755,21954.0,1063.0,90.0,9.0,14235,1,2,2,24
5535875,48157.0,4712.0,352.0,35.0,52390,19,3,3,24
1346220,130966.0,1671.0,239.0,32.0,9728,15,4,3,24
4546163,56643.0,2359.0,88.0,2.0,63236,4,6,3,24
3133240,60793.0,5446.0,424.0,34.0,28455,30,7,3,24
12550508,135891.0,9744.0,976.0,67.0,126058,79,4,4,24
6061062,115007.0,6544.0,139.0,10.0,87318,7,11,7,24
4848897,36566.0,6750.0,202.0,20.0,43220,23,11,10,24
6156869,100788.0,5738.0,331.0,33.0,98848,7,14,12,24
9462167,170580.0,10361.0,1135.0,63.0,91024,35,15,14,24
9667702,188641.0,8050.0,859.0,116.0,77342,66,1,1,25
6784519,84360.0,6548.0,969.0,82.0,61183,31,4,3,25
3373256,136325.0,5157.0,299.0,30.0,30791,113,15,5,25
4871391,62256.0,4130.0,396.0,43.0,36193,17,9,6,25
29533499,178786.0,14248.0,1058.0,83.0,325062,45,20,12,25
14809007,137372.0,11244.0,1050.0,133.0,185798,46,41,27,25
2844497,34152.0,2030.0,401.0,41.0,31046,42,1,1,26
6654314,38131.0,5050.0,387.0,26.0,63056,18,1,1,26
14085482,118984.0,4404.0,633.0,134.0,153485,37,2,2,26
24993509,33729.0,6699.0,751.0,58.0,266155,13,2,2,26
3579902,117406.0,4285.0,404.0,46.0,50428,49,7,4,26
9195389,187676.0,6422.0,550.0,39.0,66018,29,6,6,26
5058797,185123.0,5612.0,174.0,28.0,123240,5,6,6,26
13086559,124466.0,7300.0,625.0,66.0,183680,65,7,6,26
11479660,177938.0,6476.0,1252.0,57.0,87938,40,7,7,26
14845120,89957.0,10327.0,1345.0,98.0,301864,56,33,11,26
10416233,179447.0,9989.0,1306.0,82.0,83130,21,5,5,27
9301478,197033.0,6854.0,785.0,68.0,80346,58,11,9,27
30980561,155493.0,10688.0,1671.0,168.0,241195,90,12,9,27
2707278,108799.0,4730.0,208.0,22.0,51411,107,21,11,27
9624700,72271.0,4643.0,832.0,98.0,118969,56,24,11,27
8882397,135576.0,8481.0,516.0,31.0,63588,40,32,13,27
6229998,375231.0,10717.0,1876.0,190.0,82604,36,25,19,27
13255097,182190.0,12823.0,1047.0,64.0,153441,15,92,30,27
4564496,61624.0,4592.0,421.0,40.0,46811,39,0,0,28
1238475,42668.0,3240.0,249.0,26.0,18720,25,2,1,28
5054470,325174.0,5865.0,415.0,28.0,33792,44,3,2,28
7605178,181417.0,12719.0,1211.0,88.0,74550,47,3,3,28
1558288,213670.0,4931.0,355.0,45.0,12349,21,9,5,28
602992,88744.0,3045.0,95.0,9.0,6321,11,9,7,28
6365724,172111.0,8006.0,890.0,57.0,64961,57,15,8,28
1505129,74146.0,1307.0,150.0,25.0,14065,9,0,0,29
9325370,125476.0,10688.0,277.0,13.0,164609,4,3,1,29
3340555,138691.0,3662.0,538.0,67.0,39846,11,3,3,29
12461562,181812.0,5877.0,687.0,74.0,116609,41,4,3,29
10199055,170918.0,10743.0,789.0,32.0,52311,24,10,3,29
8336903,173017.0,14379.0,490.0,34.0,84832,40,19,13,29
1405240,222257.0,4974.0,310.0,34.0,13325,35,2,2,30
4418334,53909.0,2315.0,213.0,16.0,26992,9,2,2,30
11163083,169966.0,7015.0,488.0,20.0,88997,39,3,2,30
1671859,192018.0,3988.0,275.0,30.0,16731,14,8,3,30
4437634,185148.0,5405.0,447.0,49.0,18112,23,6,5,30
2463074,102201.0,6003.0,843.0,49.0,20989,42,6,5,30
4248694,187645.0,6372.0,555.0,56.0,39289,17,10,5,30
5459768,137977.0,6883.0,393.0,37.0,52961,15,11,9,30
7689889,75734.0,3272.0,326.0,35.0,112971,16,27,14,30
13941267,298665.0,13054.0,1431.0,124.0,157024,52,31,20,30
588590,106847.0,3746.0,209.0,33.0,18379,18,0,0,31
16640308,58268.0,3031.0,367.0,34.0,321567,7,3,2,31
3139151,66186.0,5202.0,349.0,31.0,25743,48,4,2,31
8161330,165121.0,7418.0,233.0,13.0,103354,7,4,3,31
377526,85862.0,2315.0,83.0,9.0,4300,6,8,5,31
8863293,257304.0,10888.0,1330.0,110.0,78718,77,7,7,31
11085385,114680.0,16723.0,722.0,40.0,186613,29,14,10,31
6770977,153868.0,14438.0,710.0,39.0,101168,25,17,12,31
1350722,36613.0,1332.0,275.0,27.0,10539,13,0,0,32
4784194,104467.0,5199.0,269.0,39.0,53078,16,6,6,32
7585527,258665.0,4866.0,587.0,70.0,65154,54,11,6,32
10795404,139273.0,14982.0,1127.0,57.0,129342,30,11,11,32
1738452,24702.0,719.0,108.0,4.0,18761,4,2,1,33
883195,42420.0,1194.0,131.0,18.0,16758,24,2,2,33
32156514,220948.0,16796.0,1604.0,104.0,316179,35,5,4,33
8977583,116756.0,4927.0,1003.0,85.0,84329,46,12,8,33
56316780,204402.0,9719.0,1475.0,143.0,501483,20,18,9,33
7233617,110310.0,4706.0,551.0,48.0,91333,22,1,1,34
8369078,116402.0,5509.0,723.0,92.0,118694,42,2,2,34
3191399,111362.0,5726.0,765.0,52.0,24093,13,6,5,34
35149331,162040.0,10303.0,1696.0,93.0,399524,19,8,6,34
13728277,54650.0,6398.0,685.0,56.0,162403,19,9,9,34
10854061,96274.0,5967.0,572.0,66.0,162547,31,23,21,34
10727917,88525.0,3790.0,594.0,57.0,103960,20,8,6,35
11610637,97821.0,6124.0,415.0,36.0,92985,14,9,9,35
30892328,179274.0,9108.0,1143.0,103.0,270782,26,23,11,35
3248546,138859.0,7808.0,437.0,45.0,61619,45,1,1,36
5902428,132612.0,4875.0,262.0,14.0,32535,23,3,2,36
14237182,138652.0,10886.0,846.0,76.0,117885,50,7,3,36
7708816,194795.0,7984.0,566.0,58.0,77648,38,11,8,36
8817188,49654.0,6560.0,856.0,44.0,84759,32,9,9,36
7709328,145965.0,10485.0,440.0,47.0,118288,21,24,13,36
2516672,53577.0,6663.0,272.0,32.0,14107,9,2,2,37
7765224,349173.0,11577.0,1150.0,102.0,59284,34,14,7,37
17034004,216717.0,13269.0,978.0,42.0,223418,30,14,10,37
9908049,85344.0,3797.0,869.0,79.0,126466,14,21,11,37
7112235,167998.0,8196.0,391.0,45.0,64404,47,15,13,37
2348609,73628.0,3188.0,329.0,32.0,27967,19,1,1,38
1592884,201265.0,3817.0,121.0,10.0,16849,14,2,1,38
1401722,136761.0,2761.0,283.0,34.0,13245,21,8,5,38
7518738,233321.0,11030.0,1414.0,63.0,59125,47,8,6,38
77682904,197949.0,12407.0,3742.0,202.0,1543888,65,18,10,38
6425836,102126.0,2359.0,217.0,18.0,53350,6,6,5,39
3589878,207288.0,8392.0,525.0,43.0,30792,34,9,6,39
9266340,105004.0,8161.0,614.0,46.0,85235,18,19,12,39
1933933,109270.0,3654.0,311.0,22.0,15483,6,3,3,40
2985428,44337.0,4430.0,265.0,34.0,14783,10,4,4,40
7070874,123182.0,7373.0,399.0,38.0,93298,15,13,4,40
10065592,70769.0,4509.0,698.0,55.0,122026,28,11,5,40
8293003,100406.0,7076.0,609.0,63.0,87036,35,31,16,40
39952739,212041.0,16636.0,1819.0,218.0,351863,53,9,8,41
6901644,272598.0,6317.0,696.0,51.0,71111,61,19,9,41
65254841,301346.0,9600.0,1225.0,379.0,623361,117,77,31,41
1770104,90427.0,1785.0,194.0,20.0,13584,18,1,1,42
10650603,143201.0,6929.0,467.0,36.0,170102,33,2,2,42
234813,297535.0,7456.0,323.0,33.0,6936,47,4,4,42
1979816,71826.0,1523.0,192.0,22.0,28337,68,6,4,42
1830220,65753.0,3995.0,542.0,34.0,20637,93,16,10,42
8203882,184956.0,9073.0,1325.0,99.0,64357,24,4,4,43
17698298,120091.0,6291.0,625.0,49.0,230061,31,6,5,43
11595924,160112.0,4459.0,750.0,76.0,108888,17,21,12,43
19258666,144485.0,6422.0,554.0,50.0,340766,11,26,19,43
25835526,258963.0,30920.0,3407.0,230.0,299283,115,36,21,43
5491006,181818.0,4457.0,501.0,54.0,43278,34,0,0,44
3010325,86232.0,2611.0,271.0,20.0,24869,7,10,7,44
31206468,277929.0,10155.0,1095.0,107.0,345691,40,31,20,44
2770390,92764.0,4322.0,344.0,34.0,19648,13,3,3,45
20546409,312373.0,10458.0,1218.0,98.0,241216,46,6,4,45
27534434,265077.0,21309.0,1640.0,150.0,391127,36,38,23,45
3830876,146546.0,4406.0,416.0,32.0,28424,19,2,2,46
4785003,129643.0,7292.0,777.0,45.0,48766,27,3,2,46
5427619,78658.0,5974.0,406.0,46.0,49139,9,4,4,47
4448068,69387.0,3118.0,577.0,59.0,47180,13,15,4,48
6958642,88399.0,5077.0,445.0,41.0,72354,11,4,4,49
8269063,254161.0,6092.0,615.0,93.0,109687,50,41,10,50
24756098,247400.0,16915.0,1412.0,99.0,269260,34,25,14,50
510613501,426183.0,36510.0,3278.0,465.0,641111,111,155,49,50
23262570,105638.0,7737.0,1269.0,80.0,236547,20,2,2,51
13213285,175662.0,10396.0,1613.0,123.0,124697,30,3,3,51
53078122,243249.0,31556.0,3059.0,183.0,630620,74,12,7,51
10747907,144001.0,11803.0,887.0,72.0,161452,19,49,28,51
23728902,187490.0,20625.0,2548.0,167.0,272592,98,18,11,52
19201917,238921.0,10891.0,1540.0,102.0,222772,41,5,4,53
7974027,173686.0,6745.0,635.0,56.0,129538,42,17,12,53
15715202,192986.0,11555.0,1348.0,112.0,198034,43,6,3,54
14860198,178670.0,10718.0,742.0,71.0,205119,22,14,6,54
72957075,305394.0,26153.0,4751.0,302.0,1113463,47,44,18,55
33774785,185991.0,11321.0,1574.0,136.0,349616,47,11,8,56
8121102,117884.0,6327.0,578.0,51.0,69141,9,0,0,57
17488785,147377.0,9043.0,797.0,84.0,214835,43,8,6,57
6970088,121371.0,11176.0,708.0,77.0,70712,38,0,0,59
16009319,223753.0,13893.0,1172.0,91.0,439959,23,132,65,59
56231743,171144.0,27062.0,3278.0,228.0,617685,54,29,13,61
31464013,386557.0,19135.0,1725.0,116.0,431663,89,36,18,61
15564742,242517.0,10167.0,1042.0,120.0,176188,23,50,29,61
9044931,185525.0,11369.0,467.0,60.0,101844,24,19,14,63
14058071,269493.0,12154.0,1406.0,102.0,120316,63,4,3,64
24314642,317332.0,15572.0,1425.0,107.0,296810,51,29,11,64
36833818,361568.0,20328.0,2469.0,230.0,316463,44,13,8,71
5713840,126871.0,6019.0,895.0,81.0,53874,41,5,5,78
1303,320.0,3.0,25.0,50.0,0,2,0,0,15
693,75.0,1.0,154.0,41.0,1,0,0,0,15
413,37.0,2.0,25.0,50.0,1,0,0,0,15
9716,59.0,2.0,25.0,50.0,1,0,0,0,15
148,69.0,2.0,25.0,50.0,1,0,0,0,15
779,69.0,2.0,25.0,50.0,1,0,0,0,15
804,122.0,2.0,25.0,50.0,1,0,0,0,15
3481,208.0,4.0,25.0,50.0,1,1,0,0,15
2578,159.0,8.0,25.0,50.0,1,4,0,0,15
1785,63.0,9.0,25.0,50.0,1,0,0,0,15
920,63.0,3.0,98.0,29.0,2,0,0,0,15
2353,59.0,1.0,25.0,50.0,2,0,0,0,15
3128,68.0,2.0,25.0,50.0,2,0,0,0,15
48414,63.0,6.0,25.0,50.0,2,0,0,0,15
1711,452.0,6.0,25.0,50.0,2,1,0,0,15
504,54.0,103.0,25.0,50.0,2,0,0,0,15
1285,60.0,1.0,25.0,50.0,3,0,0,0,15
1543,292.0,7.0,25.0,50.0,3,1,0,0,15
1527,53.0,1.0,63.0,30.0,4,0,0,0,15
9617,60.0,1.0,25.0,50.0,4,0,0,0,15
2084,367.0,3.0,25.0,50.0,4,1,0,0,15
2851,1130.0,19.0,25.0,50.0,4,1,0,0,15
4675,50.0,1.0,25.0,50.0,5,0,0,0,15
3931,63.0,4.0,25.0,50.0,6,0,0,0,15
7683,1470.0,8.0,25.0,50.0,6,0,0,0,15
2400,54.0,2.0,25.0,50.0,7,0,0,0,15
4085,134.0,5.0,25.0,50.0,9,1,0,0,15
3964,2091.0,18.0,25.0,50.0,9,1,0,0,15
2431,224.0,7.0,25.0,50.0,13,0,0,0,15
36453,63.0,2.0,25.0,50.0,14,0,0,0,15
10617,63.0,1.0,25.0,50.0,15,0,0,0,15
5859,413.0,45.0,25.0,50.0,15,1,0,0,15
9971,2245.0,27.0,25.0,50.0,18,0,0,0,15
5374,5643.0,39.0,25.0,50.0,19,1,0,0,15
10927,456.0,10.0,25.0,50.0,23,1,0,0,15
5248,258.0,6.0,25.0,50.0,24,2,0,0,15
53002,52.0,1.0,25.0,50.0,28,0,0,0,15
3345,45.0,5.0,25.0,50.0,29,0,0,0,15
129174,58.0,2.0,44.0,22.0,31,0,0,0,15
78732,41.0,2.0,25.0,50.0,43,0,0,0,15
139828,78.0,1.0,47.0,47.0,52,0,0,0,15
2779,74.0,3.0,25.0,50.0,71,0,0,0,15
9554,4321.0,19.0,25.0,50.0,72,0,0,0,15
504283,74.0,1.0,25.0,50.0,85,0,0,0,15
14292,2955.0,22.0,25.0,50.0,92,0,0,0,15
2328,56.0,2.0,190.0,50.0,94,0,0,0,15
20983,1223.0,14.0,25.0,50.0,106,1,0,0,15
12456,403.0,18.0,25.0,50.0,111,2,0,0,15
20610,8813.0,148.0,25.0,50.0,115,5,0,0,15
32057,19033.0,75.0,25.0,50.0,135,3,0,0,15
15032,1847.0,15.0,25.0,50.0,148,1,0,0,15
11820,4629.0,22.0,25.0,50.0,180,0,0,0,15
23126,5575.0,749.0,44.0,2.0,240,13,0,0,15
143773,21613.0,431.0,25.0,50.0,247,1,0,0,15
38318,967.0,108.0,25.0,50.0,251,1,0,0,15
29299,1102.0,30.0,25.0,50.0,268,0,0,0,15
36815,4927.0,63.0,25.0,50.0,273,3,0,0,15
79464,47.0,1.0,25.0,50.0,280,0,0,0,15
246054,21513.0,547.0,25.0,50.0,285,1,0,0,15
49321,534.0,15.0,25.0,50.0,316,3,0,0,15
101717,2083.0,422.0,97.0,5.0,341,16,0,0,15
93381,26.0,3.0,80.0,7.0,395,0,0,0,15
219824,46.0,1.0,25.0,50.0,407,0,0,0,15
2296048,65.0,3.0,137.0,9.0,547,0,0,0,15
146342,1590.0,426.0,34.0,2.0,605,6,0,0,15
126553,12539.0,49.0,25.0,50.0,609,0,0,0,15
43200,2462.0,21.0,25.0,50.0,610,2,0,0,15
138747,1864.0,195.0,25.0,50.0,618,4,0,0,15
1564023,68.0,1.0,112.0,65.0,634,0,0,0,15
2356364,69.0,1.0,102.0,57.0,912,0,0,0,15
393472,351.0,203.0,65.0,15.0,1406,2,0,0,15
271376,4332.0,123.0,25.0,50.0,1711,14,0,0,15
825646,24.0,5.0,163.0,5.0,2226,0,0,0,15
323522,17401.0,3939.0,60.0,50.0,2342,3,0,0,15
241878,59.0,1.0,25.0,50.0,2472,0,0,0,15
7198866,58.0,1.0,209.0,57.0,4337,0,0,0,15
611925,1153.0,237.0,37.0,7.0,5651,3,0,0,15
594202,52.0,4.0,308.0,15.0,5738,0,0,0,15
806461,1505.0,1102.0,103.0,17.0,8985,6,0,0,15
4345535,47.0,1.0,443.0,43.0,12080,0,0,0,15
1671146,2319.0,4734.0,199.0,13.0,14883,6,0,0,15
46190476,2608.0,1174.0,136.0,16.0,32839,8,0,0,15
38902600027,3508.0,4247.0,116826.0,5546.0,169933313,57,0,0,15
3325,4803.0,11.0,25.0,50.0,11,3,1,1,15
84719,1648.0,171.0,82.0,8.0,981,1,1,1,15
4703470,3540.0,1799.0,694.0,26.0,10274,25,1,1,15
12873852,101189.0,4729.0,253.0,11.0,108595,3,1,1,15
44043,3579.0,64.0,25.0,50.0,36,3,2,1,15
28302,13221.0,123.0,25.0,50.0,200,0,2,1,15
1369235,58852.0,5336.0,177.0,18.0,7262,57,6,4,15
1661173,57444.0,5838.0,170.0,21.0,7826,21,17,6,15
12172990,208407.0,14620.0,3810.0,101.0,278528,114,23,16,15
2208118,0.0,0.0,416.0,12.0,0,0,5,2,15
1,0.0,0.0,25.0,50.0,0,0,5,2,15
558,0.0,0.0,25.0,50.0,0,0,5,2,15
1067,0.0,0.0,25.0,50.0,0,0,5,2,15
363464,0.0,0.0,25.0,50.0,0,0,5,2,15
