view_count,page_length,edit_count,page_watchers,page_watchers_recent_edits,page_views_past_30days,redirects,recent_number_of_edits,number_distinct_authors,number_categories,label
1015,69,2,25,50,1,0,0,0,2,3
1238,69,2,25,50,1,0,0,0,2,3
2007,69,2,25,50,2,0,0,0,2,3
2048,69,2,25,50,2,0,0,0,2,3
851,69,3,25,50,2,0,0,0,2,3
4943,7209,76,25,50,2,1,0,0,2,0
1212,69,2,25,50,3,0,0,0,2,3
984,69,3,25,50,6,0,0,0,2,3
2748,1214,7,25,50,8,0,0,0,2,0
3521,1255,12,25,50,9,0,0,0,2,0
1433,69,2,25,50,10,0,0,0,2,3
2310,69,2,25,50,13,0,0,0,2,3
8509,5604,24,25,50,24,0,0,0,2,0
935,69,2,25,50,27,0,0,0,2,3
7986,2341,23,25,50,30,1,0,0,2,0
5321,13040,28,25,50,31,2,0,0,2,0
5428,7470,368,37,2,36,9,0,0,2,2
37221,7498,49,25,50,42,3,0,0,2,2
7553,2094,20,25,50,57,1,0,0,2,0
12911,359,11,25,50,118,0,0,0,2,3
45452,64,28,25,50,204,0,0,0,2,0
62728,9475,403,47,14,325,0,0,0,2,2
45499,8494,111,25,50,344,2,0,0,2,0
66388,2942,129,25,50,488,0,0,0,2,0
56091,3424,40,25,50,652,0,0,0,2,0
34819,6869,37,25,50,134,1,1,1,2,0
12825,9904,68,32,2,43,1,2,2,2,2
442438,12901,343,46,4,9433,5,3,2,2,0
2717,58,9,25,50,2,0,0,0,3,0
17526,105,1,25,50,5,0,0,0,3,2
3180,529,20,25,50,5,1,0,0,3,0
5764,1740,9,25,50,8,0,0,0,3,0
3893,1605,21,25,50,11,0,0,0,3,0
4988,226,39,25,50,15,0,0,0,3,0
4395,1711,15,25,50,17,0,0,0,3,0
4763,616,20,25,50,18,0,0,0,3,0
3211,762,12,25,50,22,5,0,0,3,0
5496,670,12,25,50,37,0,0,0,3,0
29791,407,6,25,50,46,0,0,0,3,2
28754,952,7,25,50,46,1,0,0,3,0
8924,1696,16,25,50,50,0,0,0,3,0
6014,2580,16,25,50,50,0,0,0,3,0
9604,5164,26,25,50,57,4,0,0,3,0
18973,13931,62,25,50,61,1,0,0,3,0
10481,5447,39,25,50,64,1,0,0,3,0
17352,874,34,25,50,65,6,0,0,3,0
15807,3759,44,25,50,84,1,0,0,3,0
232767,107,1,45,26,92,0,0,0,3,2
18846,3588,52,25,50,101,1,0,0,3,0
95209,91,2,25,50,104,0,0,0,3,2
19135,11078,143,25,50,115,2,0,0,3,0
21441,17411,180,25,50,131,4,0,0,3,2
42725,21415,148,34,7,206,3,0,0,3,2
160037,373,709,69,8,467,12,0,0,3,1
41519,3365,165,25,50,482,1,0,0,3,1
46549,5314,84,25,50,483,3,0,0,3,0
532302,65,2,210,41,1870,0,0,0,3,1
1557978,98,1,152,15,3089,0,0,0,3,2
5746759,95,1,1166,44,5513,0,0,0,3,2
590917,5300,352,42,5,5684,6,0,0,3,1
2967525,91,1,376,7,6502,0,0,0,3,1
2977562,56,3925,201,11,27499,0,0,0,3,3
7279,165,29,25,50,6,0,1,1,3,0
10455,4159,15,25,50,27,5,1,1,3,0
7707,4350,10,25,50,61,0,1,1,3,0
14327,13724,71,25,50,109,1,1,1,3,0
18965,5267,24,25,50,119,1,1,1,3,0
16679,4932,39,25,50,202,1,1,1,3,0
76753,4903,64,25,50,1175,2,1,1,3,0
89092,74,1,30,2,2395,0,1,1,3,1
306947,11924,318,151,10,3127,2,1,1,3,2
11676,5787,21,25,50,52,0,2,1,3,0
669910,37328,1811,36,7,11114,1,2,2,3,1
2294646,13582,893,82,9,12413,9,2,2,3,3
3237,147,6,25,50,2,0,0,0,4,0
3488,1491,22,25,50,2,0,0,0,4,0
4067,2393,10,25,50,3,0,0,0,4,0
2154,825,7,25,50,5,0,0,0,4,0
3159,803,12,25,50,5,1,0,0,4,0
7082,2936,19,25,50,12,3,0,0,4,0
4800,811,9,25,50,13,1,0,0,4,0
5790,2641,9,25,50,18,0,0,0,4,0
6917,3156,22,25,50,20,0,0,0,4,0
6278,2109,19,25,50,21,0,0,0,4,0
7947,3594,44,25,50,22,1,0,0,4,0
7808,4549,43,25,50,23,0,0,0,4,1
10660,2251,47,25,50,25,1,0,0,4,0
13004,11369,94,25,50,49,1,0,0,4,0
11741,6338,52,25,50,64,4,0,0,4,0
17541,6129,72,25,50,119,2,0,0,4,0
20351,7845,105,25,50,133,1,0,0,4,0
39615,7300,622,36,3,153,2,0,0,4,1
20675,2656,32,25,50,162,2,0,0,4,0
34639,23653,266,25,50,174,2,0,0,4,2
43858,3256,149,25,50,221,0,0,0,4,1
31620,6127,25,25,50,284,2,0,0,4,0
965522,93,3,104,13,306,0,0,0,4,1
28043,4552,38,25,50,361,1,0,0,4,0
889195,96,4,64,15,382,0,0,0,4,3
40998,64158,682,25,50,403,2,0,0,4,1
54603,6465,230,25,50,447,4,0,0,4,1
67905,2667,76,25,50,577,0,0,0,4,0
114667,17273,198,25,50,1386,0,0,0,4,0
125593,41881,375,25,50,1963,0,0,0,4,2
431001,59408,1628,25,50,2075,4,0,0,4,3
341834,5892,653,37,50,2779,3,0,0,4,2
129762,10994,1208,25,50,3259,0,0,0,4,2
345254,27004,453,25,50,3824,1,0,0,4,0
948886,32372,466,82,7,4210,2,0,0,4,1
1959765,7372,2409,202,30,8132,2,0,0,4,1
1452032,36254,9155,80,12,14929,4,0,0,4,1
24732062,126,3,1315,101,21222,0,0,0,4,3
7116,2338,24,25,50,32,1,1,1,4,0
28537,8145,43,25,50,128,0,1,1,4,0
16963,3275,61,25,50,217,0,1,1,4,0
69661,5074,83,25,50,885,0,1,1,4,0
891490,37471,406,45,8,2504,2,1,1,4,3
1593669,44683,2315,72,4,11404,5,1,1,4,1
1303885,104636,2623,144,26,28893,22,1,1,4,3
5869,2989,25,25,50,14,1,2,1,4,0
17571,18910,328,25,50,49,3,2,1,4,2
789589,8575,2317,90,7,3463,12,2,1,4,1
69231,14712,288,25,50,941,2,2,2,4,1
605493,42606,4628,49,2,6862,114,7,2,4,1
2813,1532,12,25,50,4,0,0,0,5,0
3042,1853,18,25,50,4,2,0,0,5,0
3472,1019,11,25,50,5,0,0,0,5,0
5105,3406,19,25,50,8,0,0,0,5,0
4074,1878,6,25,50,9,1,0,0,5,0
3660,1517,9,25,50,9,1,0,0,5,0
5767,3551,27,25,50,13,2,0,0,5,0
3580,1642,10,25,50,15,2,0,0,5,0
4510,1023,13,25,50,17,0,0,0,5,0
7522,3739,28,25,50,20,0,0,0,5,0
7405,1828,5,25,50,26,4,0,0,5,0
8951,2774,8,25,50,26,0,0,0,5,0
8833,3666,14,25,50,33,0,0,0,5,0
18818,2850,50,25,50,93,1,0,0,5,0
13435,8013,35,25,50,96,1,0,0,5,0
15409,13195,116,25,50,142,1,0,0,5,0
41153,11730,74,25,50,150,1,0,0,5,0
38148,2442,55,25,50,242,1,0,0,5,2
30233,10095,65,25,50,274,0,0,0,5,0
59319,933,39,25,50,451,0,0,0,5,1
75466,5267,106,39,6,553,0,0,0,5,2
195738,66649,481,42,5,1016,2,0,0,5,3
131797,109895,826,68,14,1066,7,0,0,5,2
99699,16935,321,25,50,1401,2,0,0,5,1
54442,4975,237,25,50,1498,0,0,0,5,1
228056,16224,1120,126,13,1638,2,0,0,5,1
1760361,75,1,43,5,2091,0,0,0,5,2
398167,8020,280,25,50,3222,2,0,0,5,2
1279103,53828,1334,185,9,3607,9,0,0,5,1
1670423,27443,1261,1170,12,15381,18,0,0,5,2
27703236,72,1,1255,93,48673,0,0,0,5,1
14549,9508,167,25,50,77,3,1,1,5,3
30320,4049,219,25,50,196,1,1,1,5,1
29651,60744,657,25,50,391,1,1,1,5,3
522147,4404,448,64,4,1728,9,1,1,5,1
283120,5793,128,25,50,4042,0,1,1,5,0
2287418,31580,870,42,3,13199,2,1,1,5,1
101407,20489,412,25,50,1064,0,3,1,5,0
203961,28732,1160,25,50,1628,2,4,1,5,1
34507,15029,128,25,50,153,4,2,2,5,2
156610,119858,1156,54,9,1999,10,4,2,5,3
60304,69827,436,25,50,1859,1,3,3,5,2
1035791,28688,2590,127,15,15756,5,4,3,5,2
1602602,44124,953,174,24,14318,15,10,3,5,2
2959231,147226,13234,957,102,20601,54,6,4,5,2
6411198,47971,3407,107,8,38340,3,7,5,5,3
625907,69731,661,25,50,15947,7,12,5,5,3
969377,17581,3738,154,10,9834,13,7,6,5,3
701635,72180,625,25,50,13581,7,15,8,5,3
2664,1647,9,25,50,8,1,0,0,6,0
5038,2301,10,25,50,11,0,0,0,6,0
6033,1070,17,25,50,11,3,0,0,6,0
4114,2543,11,25,50,12,0,0,0,6,0
6778,4375,18,25,50,15,0,0,0,6,0
8546,634,15,25,50,16,0,0,0,6,0
18236,714,30,25,50,68,1,0,0,6,0
12726,3343,66,25,50,88,2,0,0,6,0
10783,3674,34,25,50,90,0,0,0,6,0
48569,6465,56,25,50,205,0,0,0,6,0
29116,1660,10,25,50,225,0,0,0,6,0
42507,4813,51,25,50,248,0,0,0,6,0
53629,15929,273,25,50,302,1,0,0,6,1
40748,1965,170,25,50,317,1,0,0,6,1
46280,6387,168,25,50,322,3,0,0,6,3
50965,12326,125,25,50,370,0,0,0,6,1
92976,5234,234,25,50,378,1,0,0,6,1
106833,52093,429,37,8,433,2,0,0,6,3
106833,52093,429,37,8,433,2,0,0,6,3
56294,85725,269,25,50,468,2,0,0,6,0
18667,15417,58,25,50,476,2,0,0,6,0
67702,1856,214,25,50,487,0,0,0,6,2
70484,13416,331,25,50,520,5,0,0,6,1
234392,6479,151,25,50,3581,0,0,0,6,1
319698,38928,535,38,6,4662,2,0,0,6,2
686603,8114,270,25,50,4743,3,0,0,6,2
2451914,104,3,779,24,4911,0,0,0,6,1
406821,23712,1938,67,13,9817,3,0,0,6,2
1178088,39232,835,35,50,11789,8,0,0,6,1
1590426,18133,342,117,7,12696,3,0,0,6,1
1687844,66143,566,381,59,15858,5,0,0,6,3
10279,2183,40,25,50,51,1,1,1,6,0
331609,32466,970,55,7,3772,14,1,1,6,1
941547,12561,514,25,50,2402,0,2,1,6,3
2429961,116950,3969,471,66,31103,90,5,4,6,3
1304497,97313,2406,154,21,22038,12,16,10,6,3
39509,12123,686,25,50,8796,4,16,11,6,3
8405,275,25,25,50,1,0,0,0,7,3
6243,2115,13,25,50,18,1,0,0,7,0
5449,1812,23,25,50,20,0,0,0,7,0
8159,4406,31,25,50,21,0,0,0,7,0
7884,9326,36,25,50,23,0,0,0,7,0
10243,24338,244,25,50,25,1,0,0,7,0
7441,1808,34,25,50,26,0,0,0,7,0
6542,1590,20,25,50,40,1,0,0,7,0
26082,40242,678,25,50,68,4,0,0,7,0
17392,4200,250,25,50,69,0,0,0,7,1
44582,22139,392,42,6,147,5,0,0,7,2
27629,3265,57,25,50,207,1,0,0,7,0
26588,11947,188,35,4,209,7,0,0,7,2
43094,5574,87,25,50,219,4,0,0,7,2
58416,23647,206,31,5,297,6,0,0,7,3
102332,6736,670,31,4,470,1,0,0,7,3
47978,4743,29,25,50,472,2,0,0,7,0
60203,7786,175,25,50,619,0,0,0,7,0
194750,6441,251,25,50,938,0,0,0,7,1
7928187,117,4,1041,37,4286,0,0,0,7,2
520695,9508,654,79,9,5554,2,0,0,7,1
940877,9543,691,25,50,6365,1,0,0,7,1
4537726,153,40,487,81,7915,0,0,0,7,3
1046975,10051,1010,83,9,9225,4,0,0,7,1
752065,12342,3394,97,12,10484,13,0,0,7,2
8122043,40998,1577,447,60,161830,19,0,0,7,1
561163,6874,432,25,50,4259,2,1,1,7,1
1836645,74987,1878,119,9,13313,0,1,1,7,2
1486571,23015,554,135,14,14823,5,1,1,7,0
1785214,45514,6412,146,20,29900,3,1,1,7,2
159701,9233,241,25,50,1602,0,2,1,7,0
1019279,32945,1022,183,23,10531,6,2,1,7,1
312413,57284,853,94,8,1947,11,2,2,7,3
1031457,42752,1827,25,50,9424,7,2,2,7,1
2916208,24654,9877,997,45,49251,193,2,2,7,3
663253,25602,3762,87,14,11311,10,4,4,7,2
7369447,34899,5323,118,8,58087,0,13,9,7,2
543,59330,198,25,50,13608,7,125,11,7,2
4411,1432,22,25,50,3,0,0,0,8,0
5773,1789,8,25,50,22,1,0,0,8,0
6928,5366,58,25,50,22,0,0,0,8,0
10482,2638,82,25,50,29,0,0,0,8,0
10909,3019,23,25,50,39,0,0,0,8,0
8361,4344,26,25,50,45,2,0,0,8,0
14764,4993,123,25,50,54,3,0,0,8,1
14989,5932,38,25,50,57,3,0,0,8,0
11383,4428,41,25,50,64,0,0,0,8,0
19145,5935,217,25,50,72,1,0,0,8,0
20048,4567,199,25,50,118,0,0,0,8,1
19396,9360,87,25,50,124,1,0,0,8,0
19956,4274,127,25,50,135,0,0,0,8,1
104469,7612,108,25,50,223,12,0,0,8,0
36063,12572,91,25,50,229,1,0,0,8,1
35307,7717,84,25,50,240,0,0,0,8,0
25673,9233,60,25,50,290,1,0,0,8,0
92292,6185,95,25,50,316,1,0,0,8,0
30716,6619,42,25,50,561,1,0,0,8,0
73579,9200,182,25,50,1157,7,0,0,8,1
180548,73751,783,40,5,1979,5,0,0,8,3
211863,11156,510,33,5,2335,4,0,0,8,1
846410,9938,768,89,9,5388,33,0,0,8,1
9197523,185,78,845,109,19263,0,0,0,8,3
4908376,16548,1091,369,17,47213,9,0,0,8,1
18945,7421,49,25,50,30,0,1,1,8,0
36204,16829,146,25,50,136,2,1,1,8,2
193387,23547,537,25,50,1423,0,1,1,8,1
680230,5177,352,54,8,7828,13,1,1,8,1
1011476,38908,474,182,18,8558,10,1,1,8,1
2198960,118094,3913,157,15,9454,13,1,1,8,1
2428631,26195,4390,421,35,27800,12,1,1,8,2
3439109,26696,1391,244,24,33618,8,1,1,8,2
1267744,49318,2005,31,2,7728,1,2,1,8,1
10830,4342,32,25,50,64,0,3,1,8,0
8960514,51883,3995,306,30,90569,24,5,2,8,1
5121310,22563,1695,366,36,81522,13,4,3,8,3
1046078,58629,932,70,15,13336,18,4,4,8,1
91731,13421,377,50,4,850,5,7,4,8,0
840547,43900,7546,484,12,7655,32,10,4,8,3
2123859,17295,3480,375,41,18204,6,7,6,8,3
376293,22874,204,47,10,2357,9,39,10,8,3
5888455,86633,4563,85,16,105936,3,18,12,8,3
2768125,40299,2123,167,17,38308,7,13,13,8,3
10438,9045,99,25,50,14,2,0,0,9,0
6460,1895,12,25,50,39,0,0,0,9,0
7730,10125,59,25,50,47,1,0,0,9,0
34990,5397,129,25,50,76,4,0,0,9,0
24621,1110,17,25,50,84,1,0,0,9,0
21011,5844,55,25,50,166,1,0,0,9,0
54999,3834,53,25,50,881,0,0,0,9,0
72372,2718,757,25,50,920,4,0,0,9,2
106391,15267,562,25,50,1141,0,0,0,9,1
237120,14134,1521,46,3,1677,2,0,0,9,1
193942,15897,511,83,9,1818,12,0,0,9,3
231967,26179,396,36,4,2448,3,0,0,9,3
279617,39388,644,25,50,2785,4,0,0,9,1
293221,15067,416,56,12,3437,19,0,0,9,0
611597,5996,263,25,50,4188,1,0,0,9,2
554989,46782,644,142,12,5851,7,0,0,9,1
6633566,21381,1993,281,24,51226,2,0,0,9,1
35002,8596,299,25,50,241,1,1,1,9,1
33949,9191,55,25,50,845,0,1,1,9,0
1206438,77026,2750,349,16,11221,18,1,1,9,2
845294,17225,830,102,21,12860,7,1,1,9,1
508182,23196,256,41,5,5666,3,2,1,9,1
83965,8442,333,34,2,851,9,3,1,9,2
735169,11037,626,39,3,7069,0,2,2,9,2
798234,46599,868,69,8,7660,1,2,2,9,2
1222990,48454,2961,41,5,9580,1,2,2,9,3
1279895,93503,6428,192,13,19208,32,2,2,9,2
6556991,193388,6404,589,83,58001,23,9,7,9,2
7276665,81849,11631,514,22,77519,12,18,12,9,3
4124129,47461,4543,207,34,121150,23,33,22,9,1
8270,5118,27,25,50,45,0,0,0,10,0
10685,3156,58,25,50,60,5,0,0,10,0
18773,5359,116,25,50,132,3,0,0,10,1
82560,5735,96,25,50,665,1,0,0,10,1
58232,16424,115,25,50,847,0,0,0,10,0
160425,11108,299,25,50,1087,4,0,0,10,0
89607,15884,353,25,50,1096,5,0,0,10,0
92358,17384,324,25,50,1260,10,0,0,10,1
210150,27156,410,44,13,2233,4,0,0,10,2
995097,9564,361,45,9,6554,3,0,0,10,1
876561,3346,294,25,50,7054,0,0,0,10,1
1218436,52234,1006,120,8,22062,5,0,0,10,1
25323,1428,39,25,50,149,0,2,1,10,0
85379,75912,939,83,50,419,12,2,1,10,2
1013275,27205,2027,49,6,11256,11,2,2,10,3
4235308,50926,2617,301,29,93831,70,2,2,10,1
1974023,15759,463,128,13,16668,14,7,2,10,2
111685,5698,351,25,50,1215,9,3,3,10,3
2150116,104954,6756,96,10,17698,6,3,3,10,2
196766,7122,828,44,4,2144,6,7,3,10,1
1461174,132431,3367,264,26,8607,29,7,6,10,0
3911900,42922,3894,514,47,28788,3,19,7,10,3
7394709,130229,8570,898,112,79441,69,9,8,10,3
9467,2673,20,25,50,62,0,0,0,11,0
17824,2839,65,25,50,83,0,0,0,11,0
11000,2345,52,25,50,94,0,0,0,11,0
36892,20489,252,25,50,174,4,0,0,11,1
82673,20207,381,43,13,344,3,0,0,11,2
36781,4521,87,25,50,367,0,0,0,11,0
101212,21260,398,25,50,1450,1,0,0,11,1
1445243,31648,885,138,15,13607,8,0,0,11,2
812397,15382,1622,76,12,14448,21,0,0,11,2
52630,53284,836,41,50,439,2,1,1,11,1
2816859,26287,2005,178,20,7437,6,1,1,11,1
1274269,29244,546,128,20,13095,7,1,1,11,2
1107024,40783,4432,107,5,17130,6,1,1,11,2
1725900,17065,964,108,11,21296,2,2,2,11,3
3711274,32526,2287,489,36,45123,19,2,2,11,3
3357279,21159,1379,176,22,66795,5,4,3,11,1
5051287,159170,6442,230,18,57019,429,5,3,11,1
800824,52122,3537,58,7,13529,2,12,3,11,2
465985,21454,1095,42,8,5149,3,5,4,11,3
4544647,54511,3584,398,37,57092,18,13,10,11,3
9227,1621,52,25,50,11,0,0,0,12,0
11112,4303,31,25,50,33,2,0,0,12,0
20745,3143,472,25,50,151,2,0,0,12,1
147957,43892,1381,129,11,1306,11,0,0,12,2
166809,14378,842,67,13,1951,19,0,0,12,3
442784,14865,838,99,10,3093,10,0,0,12,1
485956,14842,375,32,2,4808,2,0,0,12,0
1298825,13196,1890,146,10,11237,5,0,0,12,1
2314709,28382,2032,193,17,14945,6,0,0,12,3
2484625,11713,1288,68,7,20484,5,0,0,12,1
1257399,21589,1073,69,9,20658,7,0,0,12,1
4176999,28200,4279,201,8,26334,7,0,0,12,1
8800,8807,45,25,50,59,1,1,1,12,0
768371,52358,1895,71,10,11517,8,1,1,12,1
123765,19676,238,25,50,1633,5,2,2,12,0
1056929,24469,840,108,3,4721,0,3,3,12,3
2631829,39739,6982,498,57,30345,55,4,4,12,3
1641873,49111,3975,136,17,23871,8,6,4,12,2
4895849,106845,4195,615,50,29044,9,10,6,12,3
9490155,173788,5519,285,37,114284,54,16,6,12,1
6601,1778,53,25,50,15,0,0,0,13,0
7906,3887,37,25,50,39,1,0,0,13,0
8735,4113,41,25,50,43,2,0,0,13,0
15571,2410,40,25,50,179,2,0,0,13,0
27257,2592,119,25,50,209,0,0,0,13,1
476907,11599,2006,52,11,6229,2,0,0,13,2
5210880,30168,5631,359,34,27191,29,0,0,13,1
14886523,38698,2966,535,63,200916,63,0,0,13,1
25820,6357,457,52,8,117,7,1,1,13,2
47433,2814,38,25,50,318,1,1,1,13,0
698469,38734,962,25,50,4892,0,1,1,13,1
944178,74407,820,52,7,8119,2,1,1,13,1
2632543,24173,2754,211,21,15328,5,1,1,13,1
4675419,22937,1711,140,16,21627,8,1,1,13,1
4455570,65364,2010,208,28,46540,38,1,1,13,2
680034,87066,1299,124,10,7237,8,2,1,13,2
2058135,140725,1604,301,25,15031,14,2,2,13,1
985526,15692,3059,80,2,15324,7,2,2,13,2
3338751,38483,3233,230,25,50249,15,3,2,13,3
1243556,40081,2351,151,14,12049,10,7,7,13,3
721698,68764,2451,148,20,12995,21,8,7,13,3
5451752,105412,6763,290,31,76304,31,12,9,13,3
1939928,50129,6932,171,22,28879,25,14,11,13,3
13106310,95845,3514,250,41,93577,6,43,20,13,3
5240447,121889,10970,911,61,69007,53,42,25,13,3
5605,2857,70,25,50,11,1,0,0,14,0
8391,2146,196,25,50,17,1,0,0,14,3
20364,9169,222,25,50,118,2,0,0,14,1
29106,5864,70,25,50,384,2,0,0,14,0
144130,28266,1834,130,11,1186,3,0,0,14,2
319210,36845,541,66,7,1718,1,0,0,14,1
191281,46380,655,97,9,2064,3,0,0,14,2
440768,67131,2667,244,15,2831,15,0,0,14,1
438661,44604,505,121,17,2954,12,0,0,14,2
402155,46977,1090,184,16,4065,6,0,0,14,2
2474667,12759,2851,176,27,16269,12,0,0,14,1
4064083,115148,9901,839,27,55588,71,0,0,14,1
6812,6145,36,25,50,28,0,1,1,14,0
61461,11245,247,32,5,670,7,1,1,14,2
205576,7630,225,25,50,3148,2,1,1,14,0
1157705,75945,1537,139,15,9140,17,1,1,14,3
3873158,46087,2731,461,59,38697,19,1,1,14,3
5327670,183925,3708,199,15,45485,25,1,1,14,2
5695914,37769,6371,496,42,77869,21,1,1,14,1
296361,41847,1163,37,3,2289,1,3,1,14,3
14213,8587,89,25,50,38,1,2,2,14,0
141900,9185,188,25,50,4250,0,2,2,14,0
3874683,64558,2926,201,12,60553,15,2,2,14,3
4780444,42711,3247,61,7,72553,26,6,2,14,2
2532034,37634,3460,218,24,19020,15,3,3,14,3
3416117,74479,3481,415,23,32786,23,3,3,14,3
664000,37676,4466,127,17,10257,29,6,4,14,2
5315926,55405,3088,487,48,50718,29,6,6,14,3
2463950,61285,7278,251,26,34178,63,19,6,14,2
6403390,90470,4982,514,43,52563,26,7,7,14,3
5596522,108759,2816,159,28,226329,6,41,15,14,2
23833,4243,132,25,50,74,0,0,0,15,1
74767,32431,401,25,50,504,3,0,0,15,1
585896,33736,1598,128,22,5246,4,0,0,15,1
756744,35919,820,41,5,13094,5,0,0,15,1
2247848,28215,2830,203,22,17574,35,0,0,15,1
2420343,23618,5028,464,49,20124,21,0,0,15,2
153017,117508,2168,170,18,2059,16,1,1,15,2
2106305,54724,1578,305,31,15593,4,1,1,15,2
1611063,87645,4908,424,44,15859,50,1,1,15,2
43675,14074,214,25,50,557,3,2,1,15,0
740650,100670,3068,277,28,7290,12,2,1,15,2
62622,28304,530,77,5,327,2,3,1,15,2
429373,15211,1564,71,9,5925,16,3,2,15,3
4863233,78303,3165,210,14,65537,7,8,2,15,2
1178077,34827,1450,258,33,16001,11,3,3,15,3
8233943,98344,3104,120,21,72687,3,3,3,15,1
1795128,42844,4361,85,6,25266,9,5,3,15,1
10468369,163577,7000,602,65,60590,27,7,5,15,1
5772522,105964,10539,454,66,157790,70,22,8,15,1
1830065,97813,1503,235,21,18083,31,103,11,15,1
13262,3740,20,25,50,72,1,0,0,16,0
164637,17255,644,92,9,1518,7,0,0,16,2
208303,20539,986,25,50,3743,6,0,0,16,1
569073,7037,1154,55,3,5141,3,0,0,16,1
21196,30012,861,51,6,83,11,1,1,16,1
4372534,12665,1329,101,9,54602,7,1,1,16,1
996588,45205,3594,106,6,9657,11,2,2,16,1
2337420,109843,2489,373,33,22845,12,3,3,16,2
1010860,139974,3048,93,7,9122,6,4,4,16,3
194179,22636,412,25,50,2483,0,14,4,16,1
608497,385324,3599,31,4,1359,1,5,5,16,3
1206133,94515,1818,110,10,7529,8,5,5,16,1
4174816,73341,8060,365,30,48291,52,9,5,16,1
11710601,136400,4342,231,38,116058,9,15,7,16,2
6454228,108782,4302,478,52,67935,30,8,8,16,3
5181235,91920,6735,1011,37,20109,34,11,8,16,3
3495645,38670,2883,225,29,27215,6,41,19,16,3
186064,23294,522,25,50,2058,5,0,0,17,0
550054,12874,316,25,50,5106,1,0,0,17,1
1040275,40895,2574,253,34,11184,39,0,0,17,2
4523535,35587,6322,498,34,40528,10,0,0,17,1
5796741,31837,3356,411,35,44272,22,0,0,17,1
271038,33059,867,151,11,2461,5,1,1,17,2
213773,17990,476,25,50,3934,11,1,1,17,1
4524856,57451,1665,112,28,40349,13,1,1,17,1
532438,56405,1753,127,20,5972,11,3,2,17,3
2537261,92349,3142,59,10,35126,8,8,2,17,1
6738868,74085,1826,130,19,32884,19,3,3,17,3
11557598,74924,5468,684,58,69303,15,5,3,17,1
1119139,68456,10761,478,20,11582,39,7,4,17,3
10603884,54350,3656,508,96,384144,40,7,5,17,2
706742,82852,1861,165,29,9822,1,10,5,17,2
3594628,104628,6807,320,50,51519,49,12,5,17,2
43579777,160306,9424,484,25,190762,31,12,5,17,2
67497797,315549,22265,942,155,338093,40,72,11,17,2
401824,18822,592,45,4,3327,11,0,0,18,1
825267,54661,1795,178,20,8975,4,0,0,18,2
9382102,74774,3695,548,55,61283,38,0,0,18,3
220088,34012,538,36,3,1359,4,1,1,18,0
1677603,143272,4270,314,16,7521,34,1,1,18,2
15604902,166115,7200,423,56,129286,32,2,1,18,2
5725036,43104,4007,379,39,40233,15,4,1,18,2
2044228,20366,3693,209,8,18097,5,2,2,18,1
22504820,147998,6509,492,18,198451,2,2,2,18,2
1523941,30894,1326,250,30,16092,18,6,3,18,2
12497506,27801,4118,415,17,177219,4,4,4,18,1
2671883,81108,2139,292,47,34506,33,7,4,18,2
1384373,94061,15983,1595,25,12064,109,8,5,18,3
17453,4458,404,25,50,180,12,14,7,18,3
15235947,137744,5328,282,53,93752,41,17,12,18,3
797312,44899,2515,70,8,16707,1,17,15,18,3
6456090,95382,15285,599,73,116724,63,68,39,18,3
1115033,15385,2897,90,2,11969,4,0,0,19,1
4128877,67235,3996,366,29,32097,28,1,1,19,1
4262082,159341,6650,204,11,46114,7,1,1,19,1
7371353,107366,2543,93,13,83573,6,1,1,19,1
2875630,34917,2117,203,13,32683,16,2,2,19,3
633577,111483,2484,121,9,5448,16,3,3,19,3
3755481,60155,2872,256,25,41473,7,3,3,19,3
6617711,135196,5022,589,47,46220,32,3,3,19,3
3099898,66576,3519,187,6,20532,9,4,4,19,1
10376263,98833,8761,728,16,140047,25,5,4,19,2
8821963,211801,3422,190,33,61452,10,20,13,19,3
10346632,50327,6019,508,44,184566,9,23,15,19,3
24249720,109151,9538,1211,100,1234303,35,56,15,19,1
852973,116820,5384,155,20,12986,30,161,20,19,3
4363070,203205,8742,165,25,87532,10,30,22,19,3
8461552,45830,3107,253,17,243079,6,47,25,19,3
7299984,38011,1905,353,46,202524,12,40,29,19,3
8385,2196,14,25,50,55,0,0,0,20,0
17398,5966,83,25,50,70,1,0,0,20,0
98258,7824,137,25,50,1429,1,0,0,20,0
3199524,52245,5239,186,22,34383,24,0,0,20,1
258831,26280,866,62,8,3778,6,1,1,20,3
2790557,41680,3120,203,16,20769,12,1,1,20,2
1444229,51589,2238,115,5,16327,20,2,2,20,1
6609451,50739,3207,378,35,48875,14,3,2,20,1
5693919,61469,4769,979,85,57763,27,7,4,20,3
1953274,65153,3113,277,25,22181,56,25,7,20,3
16162934,111079,7001,977,104,307634,33,13,9,20,1
8386913,55491,4081,285,29,89531,5,31,9,20,2
1587865,50793,4372,159,22,20774,19,18,11,20,1
23659748,232017,18857,2099,154,222854,75,32,14,20,2
6290265,148340,7451,492,41,510782,60,25,19,20,3
18865,34276,582,34,5,81,1,0,0,21,1
493832,42137,1868,221,11,6959,13,1,1,21,3
3129578,52046,5084,357,26,28176,53,2,1,21,1
4595405,133536,4367,336,32,19170,14,4,3,21,2
5518781,47431,3264,390,31,51790,4,4,4,21,3
4103984,120966,6462,406,44,36054,16,6,6,21,3
27553446,173313,14307,836,100,454984,46,7,6,21,1
9507587,74610,6976,612,42,116715,36,14,8,21,3
3619895,154373,14047,1342,44,41628,57,14,10,21,3
5537425,86630,5830,333,23,56972,21,14,12,21,3
7352884,72938,3246,490,32,64383,10,1,1,22,1
1027496,32180,1951,102,7,9534,11,3,1,22,1
480374,63808,774,67,16,7304,3,2,2,22,3
1728079,78037,2595,165,16,11895,11,5,5,22,3
18578841,193829,13256,1567,161,236993,85,8,7,22,2
6967163,142751,5938,539,55,88985,31,9,8,22,2
6193344,199197,4960,594,53,77509,31,11,8,22,3
7069041,132565,4076,362,31,248298,20,13,8,22,2
2126780,78657,4773,268,46,31239,28,19,10,22,1
95153,12367,576,76,17,823,11,0,0,23,2
3283177,89153,2840,371,46,28736,37,0,0,23,1
3354167,75480,2881,358,30,24793,24,1,1,23,2
3354167,75480,2881,358,30,24793,24,1,1,23,2
18762374,117690,8196,1399,87,191510,124,7,1,23,1
1353387,54653,2623,99,12,11337,13,2,2,23,1
10508469,82036,3829,394,30,52546,25,2,2,23,3
6069596,125503,9388,551,18,71538,29,2,2,23,1
18209513,163046,8790,1648,103,214496,28,19,4,23,1
14398998,325980,22026,1025,70,155250,32,111,7,23,2
2687828,35413,3513,213,29,28008,14,12,9,23,3
8997565,52514,2926,313,29,195754,3,13,9,23,3
8815357,159479,5606,502,48,116314,113,16,12,23,3
9994129,71248,4484,412,30,62819,18,0,0,24,1
6539452,79083,11059,732,17,68786,30,1,1,24,1
1178755,21954,1063,90,9,14235,1,2,2,24,3
5535875,48157,4712,352,35,52390,19,3,3,24,3
1346220,130966,1671,239,32,9728,15,4,3,24,2
4546163,56643,2359,88,2,63236,4,6,3,24,1
3133240,60793,5446,424,34,28455,30,7,3,24,3
12550508,135891,9744,976,67,126058,79,4,4,24,1
6061062,115007,6544,139,10,87318,7,11,7,24,1
4848897,36566,6750,202,20,43220,23,11,10,24,3
6156869,100788,5738,331,33,98848,7,14,12,24,3
9462167,170580,10361,1135,63,91024,35,15,14,24,3
9667702,188641,8050,859,116,77342,66,1,1,25,2
6784519,84360,6548,969,82,61183,31,4,3,25,1
3373256,136325,5157,299,30,30791,113,15,5,25,1
4871391,62256,4130,396,43,36193,17,9,6,25,3
29533499,178786,14248,1058,83,325062,45,20,12,25,1
14809007,137372,11244,1050,133,185798,46,41,27,25,3
2844497,34152,2030,401,41,31046,42,1,1,26,3
6654314,38131,5050,387,26,63056,18,1,1,26,1
14085482,118984,4404,633,134,153485,37,2,2,26,2
24993509,33729,6699,751,58,266155,13,2,2,26,1
3579902,117406,4285,404,46,50428,49,7,4,26,2
9195389,187676,6422,550,39,66018,29,6,6,26,3
5058797,185123,5612,174,28,123240,5,6,6,26,3
13086559,124466,7300,625,66,183680,65,7,6,26,1
11479660,177938,6476,1252,57,87938,40,7,7,26,1
14845120,89957,10327,1345,98,301864,56,33,11,26,1
10416233,179447,9989,1306,82,83130,21,5,5,27,1
9301478,197033,6854,785,68,80346,58,11,9,27,2
30980561,155493,10688,1671,168,241195,90,12,9,27,2
2707278,108799,4730,208,22,51411,107,21,11,27,3
9624700,72271,4643,832,98,118969,56,24,11,27,3
8882397,135576,8481,516,31,63588,40,32,13,27,3
6229998,375231,10717,1876,190,82604,36,25,19,27,3
13255097,182190,12823,1047,64,153441,15,92,30,27,3
4564496,61624,4592,421,40,46811,39,0,0,28,2
1238475,42668,3240,249,26,18720,25,2,1,28,2
5054470,325174,5865,415,28,33792,44,3,2,28,2
7605178,181417,12719,1211,88,74550,47,3,3,28,2
1558288,213670,4931,355,45,12349,21,9,5,28,2
602992,88744,3045,95,9,6321,11,9,7,28,3
6365724,172111,8006,890,57,64961,57,15,8,28,2
1505129,74146,1307,150,25,14065,9,0,0,29,2
9325370,125476,10688,277,13,164609,4,3,1,29,1
3340555,138691,3662,538,67,39846,11,3,3,29,2
12461562,181812,5877,687,74,116609,41,4,3,29,2
10199055,170918,10743,789,32,52311,24,10,3,29,3
8336903,173017,14379,490,34,84832,40,19,13,29,3
1405240,222257,4974,310,34,13325,35,2,2,30,2
4418334,53909,2315,213,16,26992,9,2,2,30,3
11163083,169966,7015,488,20,88997,39,3,2,30,2
1671859,192018,3988,275,30,16731,14,8,3,30,2
4437634,185148,5405,447,49,18112,23,6,5,30,3
2463074,102201,6003,843,49,20989,42,6,5,30,2
4248694,187645,6372,555,56,39289,17,10,5,30,2
5459768,137977,6883,393,37,52961,15,11,9,30,3
7689889,75734,3272,326,35,112971,16,27,14,30,3
13941267,298665,13054,1431,124,157024,52,31,20,30,3
588590,106847,3746,209,33,18379,18,0,0,31,3
16640308,58268,3031,367,34,321567,7,3,2,31,1
3139151,66186,5202,349,31,25743,48,4,2,31,2
8161330,165121,7418,233,13,103354,7,4,3,31,1
377526,85862,2315,83,9,4300,6,8,5,31,1
8863293,257304,10888,1330,110,78718,77,7,7,31,1
11085385,114680,16723,722,40,186613,29,14,10,31,3
6770977,153868,14438,710,39,101168,25,17,12,31,3
1350722,36613,1332,275,27,10539,13,0,0,32,2
4784194,104467,5199,269,39,53078,16,6,6,32,3
7585527,258665,4866,587,70,65154,54,11,6,32,2
10795404,139273,14982,1127,57,129342,30,11,11,32,3
1738452,24702,719,108,4,18761,4,2,1,33,1
883195,42420,1194,131,18,16758,24,2,2,33,1
32156514,220948,16796,1604,104,316179,35,5,4,33,2
8977583,116756,4927,1003,85,84329,46,12,8,33,1
56316780,204402,9719,1475,143,501483,20,18,9,33,2
7233617,110310,4706,551,48,91333,22,1,1,34,1
8369078,116402,5509,723,92,118694,42,2,2,34,2
3191399,111362,5726,765,52,24093,13,6,5,34,2
35149331,162040,10303,1696,93,399524,19,8,6,34,2
13728277,54650,6398,685,56,162403,19,9,9,34,3
10854061,96274,5967,572,66,162547,31,23,21,34,3
10727917,88525,3790,594,57,103960,20,8,6,35,3
11610637,97821,6124,415,36,92985,14,9,9,35,1
30892328,179274,9108,1143,103,270782,26,23,11,35,2
3248546,138859,7808,437,45,61619,45,1,1,36,2
5902428,132612,4875,262,14,32535,23,3,2,36,1
14237182,138652,10886,846,76,117885,50,7,3,36,1
7708816,194795,7984,566,58,77648,38,11,8,36,3
8817188,49654,6560,856,44,84759,32,9,9,36,3
7709328,145965,10485,440,47,118288,21,24,13,36,3
2516672,53577,6663,272,32,14107,9,2,2,37,3
7765224,349173,11577,1150,102,59284,34,14,7,37,2
17034004,216717,13269,978,42,223418,30,14,10,37,1
9908049,85344,3797,869,79,126466,14,21,11,37,3
7112235,167998,8196,391,45,64404,47,15,13,37,3
2348609,73628,3188,329,32,27967,19,1,1,38,2
1592884,201265,3817,121,10,16849,14,2,1,38,1
1401722,136761,2761,283,34,13245,21,8,5,38,2
7518738,233321,11030,1414,63,59125,47,8,6,38,2
77682904,197949,12407,3742,202,1543888,65,18,10,38,1
6425836,102126,2359,217,18,53350,6,6,5,39,3
3589878,207288,8392,525,43,30792,34,9,6,39,2
9266340,105004,8161,614,46,85235,18,19,12,39,3
1933933,109270,3654,311,22,15483,6,3,3,40,1
2985428,44337,4430,265,34,14783,10,4,4,40,3
7070874,123182,7373,399,38,93298,15,13,4,40,2
10065592,70769,4509,698,55,122026,28,11,5,40,2
8293003,100406,7076,609,63,87036,35,31,16,40,3
39952739,212041,16636,1819,218,351863,53,9,8,41,2
6901644,272598,6317,696,51,71111,61,19,9,41,2
65254841,301346,9600,1225,379,623361,117,77,31,41,2
1770104,90427,1785,194,20,13584,18,1,1,42,0
10650603,143201,6929,467,36,170102,33,2,2,42,2
234813,297535,7456,323,33,6936,47,4,4,42,2
1979816,71826,1523,192,22,28337,68,6,4,42,3
1830220,65753,3995,542,34,20637,93,16,10,42,3
8203882,184956,9073,1325,99,64357,24,4,4,43,2
17698298,120091,6291,625,49,230061,31,6,5,43,2
11595924,160112,4459,750,76,108888,17,21,12,43,1
19258666,144485,6422,554,50,340766,11,26,19,43,3
25835526,258963,30920,3407,230,299283,115,36,21,43,1
5491006,181818,4457,501,54,43278,34,0,0,44,2
3010325,86232,2611,271,20,24869,7,10,7,44,2
31206468,277929,10155,1095,107,345691,40,31,20,44,2
2770390,92764,4322,344,34,19648,13,3,3,45,3
20546409,312373,10458,1218,98,241216,46,6,4,45,2
27534434,265077,21309,1640,150,391127,36,38,23,45,1
3830876,146546,4406,416,32,28424,19,2,2,46,2
4785003,129643,7292,777,45,48766,27,3,2,46,2
5427619,78658,5974,406,46,49139,9,4,4,47,1
4448068,69387,3118,577,59,47180,13,15,4,48,3
6958642,88399,5077,445,41,72354,11,4,4,49,3
8269063,254161,6092,615,93,109687,50,41,10,50,3
24756098,247400,16915,1412,99,269260,34,25,14,50,3
510613501,426183,36510,3278,465,641111,111,155,49,50,2
23262570,105638,7737,1269,80,236547,20,2,2,51,2
13213285,175662,10396,1613,123,124697,30,3,3,51,2
53078122,243249,31556,3059,183,630620,74,12,7,51,2
10747907,144001,11803,887,72,161452,19,49,28,51,3
23728902,187490,20625,2548,167,272592,98,18,11,52,2
19201917,238921,10891,1540,102,222772,41,5,4,53,2
7974027,173686,6745,635,56,129538,42,17,12,53,3
15715202,192986,11555,1348,112,198034,43,6,3,54,1
14860198,178670,10718,742,71,205119,22,14,6,54,1
72957075,305394,26153,4751,302,1113463,47,44,18,55,2
33774785,185991,11321,1574,136,349616,47,11,8,56,1
8121102,117884,6327,578,51,69141,9,0,0,57,1
17488785,147377,9043,797,84,214835,43,8,6,57,2
6970088,121371,11176,708,77,70712,38,0,0,59,1
16009319,223753,13893,1172,91,439959,23,132,65,59,3
56231743,171144,27062,3278,228,617685,54,29,13,61,2
31464013,386557,19135,1725,116,431663,89,36,18,61,2
15564742,242517,10167,1042,120,176188,23,50,29,61,3
9044931,185525,11369,467,60,101844,24,19,14,63,3
14058071,269493,12154,1406,102,120316,63,4,3,64,2
24314642,317332,15572,1425,107,296810,51,29,11,64,2
36833818,361568,20328,2469,230,316463,44,13,8,71,2
5713840,126871,6019,895,81,53874,41,5,5,78,3
1303,320,3,25,50,0,2,0,0,15,0
693,75,1,154,41,1,0,0,0,15,2
413,37,2,25,50,1,0,0,0,15,3
9716,59,2,25,50,1,0,0,0,15,0
148,69,2,25,50,1,0,0,0,15,3
779,69,2,25,50,1,0,0,0,15,3
804,122,2,25,50,1,0,0,0,15,0
3481,208,4,25,50,1,1,0,0,15,0
2578,159,8,25,50,1,4,0,0,15,0
1785,63,9,25,50,1,0,0,0,15,2
920,63,3,98,29,2,0,0,0,15,2
2353,59,1,25,50,2,0,0,0,15,0
3128,68,2,25,50,2,0,0,0,15,2
48414,63,6,25,50,2,0,0,0,15,2
1711,452,6,25,50,2,1,0,0,15,0
504,54,103,25,50,2,0,0,0,15,3
1285,60,1,25,50,3,0,0,0,15,2
1543,292,7,25,50,3,1,0,0,15,0
1527,53,1,63,30,4,0,0,0,15,3
9617,60,1,25,50,4,0,0,0,15,0
2084,367,3,25,50,4,1,0,0,15,0
2851,1130,19,25,50,4,1,0,0,15,0
4675,50,1,25,50,5,0,0,0,15,0
3931,63,4,25,50,6,0,0,0,15,2
7683,1470,8,25,50,6,0,0,0,15,0
2400,54,2,25,50,7,0,0,0,15,3
4085,134,5,25,50,9,1,0,0,15,0
3964,2091,18,25,50,9,1,0,0,15,0
2431,224,7,25,50,13,0,0,0,15,0
36453,63,2,25,50,14,0,0,0,15,0
10617,63,1,25,50,15,0,0,0,15,2
5859,413,45,25,50,15,1,0,0,15,2
9971,2245,27,25,50,18,0,0,0,15,0
5374,5643,39,25,50,19,1,0,0,15,0
10927,456,10,25,50,23,1,0,0,15,0
5248,258,6,25,50,24,2,0,0,15,0
53002,52,1,25,50,28,0,0,0,15,1
3345,45,5,25,50,29,0,0,0,15,3
129174,58,2,44,22,31,0,0,0,15,3
78732,41,2,25,50,43,0,0,0,15,1
139828,78,1,47,47,52,0,0,0,15,3
2779,74,3,25,50,71,0,0,0,15,3
9554,4321,19,25,50,72,0,0,0,15,0
504283,74,1,25,50,85,0,0,0,15,1
14292,2955,22,25,50,92,0,0,0,15,0
2328,56,2,190,50,94,0,0,0,15,2
20983,1223,14,25,50,106,1,0,0,15,0
12456,403,18,25,50,111,2,0,0,15,0
20610,8813,148,25,50,115,5,0,0,15,2
32057,19033,75,25,50,135,3,0,0,15,0
15032,1847,15,25,50,148,1,0,0,15,0
11820,4629,22,25,50,180,0,0,0,15,0
23126,5575,749,44,2,240,13,0,0,15,3
143773,21613,431,25,50,247,1,0,0,15,3
38318,967,108,25,50,251,1,0,0,15,1
29299,1102,30,25,50,268,0,0,0,15,0
36815,4927,63,25,50,273,3,0,0,15,0
79464,47,1,25,50,280,0,0,0,15,0
246054,21513,547,25,50,285,1,0,0,15,3
49321,534,15,25,50,316,3,0,0,15,0
101717,2083,422,97,5,341,16,0,0,15,1
93381,26,3,80,7,395,0,0,0,15,2
219824,46,1,25,50,407,0,0,0,15,1
2296048,65,3,137,9,547,0,0,0,15,3
146342,1590,426,34,2,605,6,0,0,15,1
126553,12539,49,25,50,609,0,0,0,15,0
43200,2462,21,25,50,610,2,0,0,15,0
138747,1864,195,25,50,618,4,0,0,15,3
1564023,68,1,112,65,634,0,0,0,15,1
2356364,69,1,102,57,912,0,0,0,15,1
393472,351,203,65,15,1406,2,0,0,15,2
271376,4332,123,25,50,1711,14,0,0,15,0
825646,24,5,163,5,2226,0,0,0,15,1
323522,17401,3939,60,50,2342,3,0,0,15,1
241878,59,1,25,50,2472,0,0,0,15,0
7198866,58,1,209,57,4337,0,0,0,15,3
611925,1153,237,37,7,5651,3,0,0,15,1
594202,52,4,308,15,5738,0,0,0,15,3
806461,1505,1102,103,17,8985,6,0,0,15,1
4345535,47,1,443,43,12080,0,0,0,15,3
1671146,2319,4734,199,13,14883,6,0,0,15,1
46190476,2608,1174,136,16,32839,8,0,0,15,1
38902600027,3508,4247,116826,5546,169933313,57,0,0,15,3
3325,4803,11,25,50,11,3,1,1,15,0
84719,1648,171,82,8,981,1,1,1,15,1
4703470,3540,1799,694,26,10274,25,1,1,15,2
12873852,101189,4729,253,11,108595,3,1,1,15,2
44043,3579,64,25,50,36,3,2,1,15,0
28302,13221,123,25,50,200,0,2,1,15,0
1369235,58852,5336,177,18,7262,57,6,4,15,3
1661173,57444,5838,170,21,7826,21,17,6,15,3
12172990,208407,14620,3810,101,278528,114,23,16,15,1
2208118,0,0,416,12,0,0,5,2,15,3
1,0,0,25,50,0,0,5,2,15,3
558,0,0,25,50,0,0,5,2,15,0
1067,0,0,25,50,0,0,5,2,15,3
363464,0,0,25,50,0,0,5,2,15,3
